Time,turbineStress.stress.inStress,turbineStress.stress.outStress,simpleGenerator.summary.P_el,GW_CWS1_Valve_Ramp_Cold_HT_out3.y
0.0,4.147674e-13,0.0,633421800.0,0.02
1e-10,4.147674e-13,0.0,633421800.0,0.02
1e-10,4.147674e-13,0.0,633421800.0,0.02
0.15063342,4.1510399e-13,0.0,616475300.0,0.02
0.15063342,4.1510399e-13,0.0,616475300.0,0.02
0.32198873,0.0,0.0,606775360.0,0.02
0.32198873,0.0,0.0,606775360.0,0.02
2.0,0.0,0.0,572483300.0,0.02
2.0,0.0,0.0,572483300.0,0.02
2.0,2.0829554e-13,0.0,572483300.0,0.02
2.0,2.0829554e-13,0.0,572483300.0,0.02
2.4051085,0.0,0.0,568092700.0,0.02
2.4051085,0.0,0.0,568092700.0,0.02
5.0,4.16986e-13,0.0,547259650.0,0.02
5.0,4.16986e-13,0.0,547259650.0,0.02
5.0,2.08493e-13,2.08493e-13,547259650.0,0.02
5.0,2.08493e-13,2.08493e-13,547259650.0,0.02
10.0,8.335992e-13,2.083998e-13,529753860.0,0.02
10.0,8.335992e-13,2.083998e-13,529753860.0,0.02
20.0,0.0,0.0,536111260.0,0.02
29.532356,0.0,0.0,559613200.0,0.02
29.532356,0.0,0.0,559613200.0,0.02
30.0,4.1654326e-13,0.0,561484740.0,0.02
40.0,4.165293e-13,0.0,610533950.0,0.02
42.110386,2.0827396e-13,2.0827396e-13,620604700.0,0.02
42.110386,2.0827396e-13,2.0827396e-13,620604700.0,0.02
50.0,4.1667172e-13,0.0,646508860.0,0.02
60.0,2.0851963e-13,0.0,648905500.0,0.02
60.0,2.0851963e-13,0.0,648905500.0,0.02
70.0,4.1756564e-13,0.0,629629630.0,0.02
80.0,8.3581297e-13,0.0,607424960.0,0.02
90.0,0.0,0.0,589997100.0,0.02
94.326385,4.1809712e-13,0.0,584227300.0,0.02
94.326385,4.1809712e-13,0.0,584227300.0,0.02
100.0,1.045244e-12,2.0904879e-13,578328600.0,0.02
100.0,8.3619515e-13,0.0,578328600.0,0.02
110.0,4.180234e-13,0.0,571316030.0,0.02
110.0,4.180234e-13,0.0,571316030.0,0.02
120.0,2.089393e-13,0.0,567903900.0,0.02
120.0,2.089393e-13,0.0,567903900.0,0.02
130.0,8.353774e-13,2.0884435e-13,567206300.0,0.02
130.0,8.353774e-13,0.0,567206300.0,0.02
140.0,0.0,0.0,568291000.0,0.02
140.0,0.0,0.0,568291000.0,0.02
150.0,8.344845e-13,0.0,570388160.0,0.02
150.0,8.344845e-13,0.0,570388160.0,0.02
160.0,8.3402014e-13,0.0,572926500.0,0.02
160.0,8.3402014e-13,0.0,572926500.0,0.02
170.0,4.167972e-13,0.0,575494300.0,0.02
170.0,4.167972e-13,0.0,575494300.0,0.02
180.0,0.0,0.0,577825660.0,0.02
180.0,0.0,0.0,577825660.0,0.02
190.0,2.0831816e-13,2.0831816e-13,579801800.0,0.02
190.0,2.0831816e-13,2.0831816e-13,579801800.0,0.02
200.0,1.8745216e-12,2.0828017e-13,581411460.0,0.02
200.0,1.8745216e-12,2.0828017e-13,581411460.0,0.02
210.0,0.0,0.0,582725200.0,0.02
210.0,0.0,0.0,582725200.0,0.02
220.0,6.2462427e-13,2.0820808e-13,583840400.0,0.02
220.0,6.2462427e-13,2.0820808e-13,583840400.0,0.02
230.0,4.163475e-13,0.0,584855900.0,0.02
230.0,4.163475e-13,0.0,584855900.0,0.02
240.0,4.1628091e-13,4.1628091e-13,585849150.0,0.02
240.0,0.0,0.0,585849150.0,0.02
250.0,8.3243286e-13,0.0,586869760.0,0.02
250.0,8.3243286e-13,0.0,586869760.0,0.02
260.0,8.3230823e-13,4.1615412e-13,587941100.0,0.02
260.0,4.1615412e-13,0.0,587941100.0,0.02
270.0,8.3218827e-13,4.1609413e-13,589060160.0,0.02
270.0,4.1609413e-13,0.0,589060160.0,0.02
280.0,0.0,0.0,590210600.0,0.02
280.0,0.0,0.0,590210600.0,0.02
290.0,0.0,0.0,591370240.0,0.02
290.0,0.0,0.0,591370240.0,0.02
300.0,1.2477879e-12,4.159293e-13,592515840.0,0.02
300.0,8.318586e-13,0.0,592515840.0,0.02
310.0,0.0,0.0,593626940.0,0.02
310.0,0.0,0.0,593626940.0,0.02
320.0,8.316655e-13,0.0,594688200.0,0.02
320.0,8.316655e-13,0.0,594688200.0,0.02
330.0,8.3157694e-13,0.0,595690500.0,0.02
330.0,8.3157694e-13,0.0,595690500.0,0.02
340.0,0.0,0.0,596631800.0,0.02
340.0,0.0,0.0,596631800.0,0.02
350.0,0.0,0.0,597515500.0,0.02
350.0,0.0,0.0,597515500.0,0.02
360.0,0.0,0.0,598348900.0,0.02
360.0,0.0,0.0,598348900.0,0.02
370.0,1.2469064e-12,0.0,599140800.0,0.02
370.0,1.2469064e-12,0.0,599140800.0,0.02
380.0,0.0,0.0,599898800.0,0.02
380.0,0.0,0.0,599898800.0,0.02
390.0,8.3114326e-13,4.1557163e-13,600628500.0,0.02
390.0,8.3114326e-13,4.1557163e-13,600628500.0,0.02
400.0,4.1554236e-13,0.0,601332700.0,0.02
400.0,4.1554236e-13,0.0,601332700.0,0.02
410.0,0.0,0.0,602012700.0,0.02
410.0,0.0,0.0,602012700.0,0.02
420.0,0.0,0.0,602668600.0,0.02
420.0,0.0,0.0,602668600.0,0.02
430.0,8.3092756e-13,0.0,603299260.0,0.02
430.0,8.3092756e-13,0.0,603299260.0,0.02
440.0,4.154403e-13,0.0,603903100.0,0.02
440.0,4.154403e-13,0.0,603903100.0,0.02
450.0,4.15418e-13,0.0,604479100.0,0.02
450.0,4.15418e-13,0.0,604479100.0,0.02
460.0,4.153968e-13,4.153968e-13,605027500.0,0.02
460.0,0.0,0.0,605027500.0,0.02
470.0,8.3075327e-13,0.0,605549440.0,0.02
470.0,8.3075327e-13,0.0,605549440.0,0.02
480.0,4.1535742e-13,0.0,606046460.0,0.02
480.0,4.1535742e-13,0.0,606046460.0,0.02
490.0,8.306782e-13,0.0,606520700.0,0.02
490.0,8.306782e-13,0.0,606520700.0,0.02
500.0,8.3064317e-13,0.0,606974900.0,0.02
500.0,8.3064317e-13,0.0,606974900.0,0.02
510.0,4.1530483e-13,0.0,607412000.0,0.02
510.0,4.1530483e-13,0.0,607412000.0,0.02
520.0,0.0,0.0,607834050.0,0.02
520.0,0.0,0.0,607834050.0,0.02
530.0,0.0,0.0,608241860.0,0.02
530.0,0.0,0.0,608241860.0,0.02
540.0,0.0,0.0,608635500.0,0.02
540.0,0.0,0.0,608635500.0,0.02
550.0,0.0,0.0,609015500.0,0.02
550.0,0.0,0.0,609015500.0,0.02
560.0,4.15231e-13,0.0,609382000.0,0.02
560.0,4.15231e-13,0.0,609382000.0,0.02
570.0,8.3043587e-13,0.0,609734200.0,0.02
570.0,8.3043587e-13,0.0,609734200.0,0.02
580.0,0.0,0.0,610071100.0,0.02
580.0,0.0,0.0,610071100.0,0.02
590.0,1.2455797e-12,0.0,610392500.0,0.02
590.0,1.2455797e-12,0.0,610392500.0,0.02
600.0,8.3036307e-13,0.0,610699460.0,0.02
600.0,8.3036307e-13,0.0,610699460.0,0.02
610.0,8.3034046e-13,0.0,610992900.0,0.02
610.0,8.3034046e-13,0.0,610992900.0,0.02
620.0,4.1515928e-13,0.0,611272960.0,0.02
620.0,4.1515928e-13,0.0,611272960.0,0.02
630.0,4.151487e-13,0.0,611540200.0,0.02
630.0,4.151487e-13,0.0,611540200.0,0.02
640.0,4.1513846e-13,0.0,611796500.0,0.02
640.0,4.1513846e-13,0.0,611796500.0,0.02
650.0,0.0,0.0,612043600.0,0.02
650.0,0.0,0.0,612043600.0,0.02
660.0,0.0,0.0,612282400.0,0.02
660.0,0.0,0.0,612282400.0,0.02
670.0,0.0,0.0,612512640.0,0.02
670.0,0.0,0.0,612512640.0,0.02
680.0,4.1510035e-13,0.0,612735000.0,0.02
680.0,4.1510035e-13,0.0,612735000.0,0.02
690.0,4.1509146e-13,0.0,612950300.0,0.02
690.0,4.1509146e-13,0.0,612950300.0,0.02
700.0,0.0,0.0,613159300.0,0.02
700.0,0.0,0.0,613159300.0,0.02
710.0,4.1507433e-13,0.0,613361900.0,0.02
710.0,4.1507433e-13,0.0,613361900.0,0.02
720.0,1.2451983e-12,0.0,613557950.0,0.02
720.0,1.2451983e-12,0.0,613557950.0,0.02
730.0,4.1505802e-13,0.0,613747500.0,0.02
730.0,4.1505802e-13,0.0,613747500.0,0.02
740.0,4.150501e-13,0.0,613931300.0,0.02
740.0,4.150501e-13,0.0,613931300.0,0.02
750.0,0.0,0.0,614110000.0,0.02
750.0,0.0,0.0,614110000.0,0.02
760.0,1.6601393e-12,0.0,614283970.0,0.02
760.0,1.6601393e-12,0.0,614283970.0,0.02
770.0,8.3005483e-13,0.0,614453440.0,0.02
770.0,8.3005483e-13,0.0,614453440.0,0.02
780.0,0.0,0.0,614618900.0,0.02
780.0,0.0,0.0,614618900.0,0.02
790.0,0.0,0.0,614780740.0,0.02
790.0,0.0,0.0,614780740.0,0.02
800.0,0.0,0.0,614939260.0,0.02
800.0,0.0,0.0,614939260.0,0.02
810.0,4.149993e-13,0.0,615094660.0,0.02
810.0,4.149993e-13,0.0,615094660.0,0.02
820.0,8.2998533e-13,0.0,615247040.0,0.02
820.0,8.2998533e-13,0.0,615247040.0,0.02
830.0,0.0,0.0,615396400.0,0.02
830.0,0.0,0.0,615396400.0,0.02
840.0,8.2995964e-13,0.0,615542500.0,0.02
840.0,8.2995964e-13,0.0,615542500.0,0.02
850.0,4.149736e-13,0.0,615685400.0,0.02
850.0,4.149736e-13,0.0,615685400.0,0.02
860.0,4.1496757e-13,0.0,615824700.0,0.02
860.0,4.1496757e-13,0.0,615824700.0,0.02
870.0,4.1496168e-13,0.0,615960450.0,0.02
870.0,4.1496168e-13,0.0,615960450.0,0.02
880.0,8.2991193e-13,0.0,616092540.0,0.02
880.0,8.2991193e-13,0.0,616092540.0,0.02
890.0,4.1495038e-13,0.0,616221000.0,0.02
890.0,4.1495038e-13,0.0,616221000.0,0.02
900.0,1.2448349e-12,0.0,616345600.0,0.02
900.0,1.2448349e-12,0.0,616345600.0,0.02
910.0,8.298794e-13,0.0,616466500.0,0.02
910.0,8.298794e-13,0.0,616466500.0,0.02
920.0,4.1493458e-13,0.0,616583700.0,0.02
920.0,4.1493458e-13,0.0,616583700.0,0.02
930.0,4.1492965e-13,0.0,616697150.0,0.02
930.0,4.1492965e-13,0.0,616697150.0,0.02
940.0,0.0,0.0,616807100.0,0.02
940.0,0.0,0.0,616807100.0,0.02
950.0,4.149202e-13,4.149202e-13,616913500.0,0.02
950.0,4.149202e-13,4.149202e-13,616913500.0,0.02
960.0,8.298314e-13,0.0,617016450.0,0.02
960.0,8.298314e-13,0.0,617016450.0,0.02
970.0,4.1491135e-13,0.0,617115900.0,0.02
970.0,4.1491135e-13,0.0,617115900.0,0.02
980.0,0.0,0.0,617211900.0,0.02
980.0,0.0,0.0,617211900.0,0.02
990.0,0.0,0.0,617304450.0,0.02
990.0,0.0,0.0,617304450.0,0.02
1000.0,1.2446974e-12,0.0,617393540.0,0.02
1000.0,1.2446974e-12,0.0,617393540.0,0.02
1010.0,8.2979066e-13,4.1489533e-13,617479200.0,0.02
1010.0,8.2979066e-13,4.1489533e-13,617479200.0,0.02
1020.0,0.0,0.0,617561600.0,0.02
1020.0,0.0,0.0,617561600.0,0.02
1030.0,0.0,0.0,617640800.0,0.02
1030.0,0.0,0.0,617640800.0,0.02
1040.0,4.148846e-13,0.0,617717100.0,0.02
1040.0,4.148846e-13,0.0,617717100.0,0.02
1050.0,0.0,0.0,617790660.0,0.02
1050.0,0.0,0.0,617790660.0,0.02
1060.0,4.14878e-13,0.0,617861600.0,0.02
1060.0,4.14878e-13,0.0,617861600.0,0.02
1070.0,0.0,0.0,617930240.0,0.02
1070.0,0.0,0.0,617930240.0,0.02
1080.0,0.0,0.0,617996740.0,0.02
1080.0,0.0,0.0,617996740.0,0.02
1090.0,8.2973765e-13,0.0,618061250.0,0.02
1090.0,8.2973765e-13,0.0,618061250.0,0.02
1100.0,0.0,0.0,618123970.0,0.02
1100.0,0.0,0.0,618123970.0,0.02
1110.0,8.2972626e-13,0.0,618185000.0,0.02
1110.0,8.2972626e-13,0.0,618185000.0,0.02
1120.0,0.0,0.0,618244500.0,0.02
1120.0,0.0,0.0,618244500.0,0.02
1130.0,4.1485774e-13,0.0,618302400.0,0.02
1130.0,4.1485774e-13,0.0,618302400.0,0.02
1140.0,0.0,4.1485513e-13,618358900.0,0.02
1140.0,0.0,4.1485513e-13,618358900.0,0.02
1150.0,8.2970523e-13,0.0,618414000.0,0.02
1150.0,8.2970523e-13,0.0,618414000.0,0.02
1160.0,4.1485015e-13,0.0,618467800.0,0.02
1160.0,4.1485015e-13,0.0,618467800.0,0.02
1170.0,4.1484774e-13,0.0,618520200.0,0.02
1170.0,4.1484774e-13,0.0,618520200.0,0.02
1180.0,4.148454e-13,0.0,618571300.0,0.02
1180.0,4.148454e-13,0.0,618571300.0,0.02
1190.0,0.0,0.0,618621300.0,0.02
1190.0,0.0,0.0,618621300.0,0.02
1200.0,4.148409e-13,0.0,618670140.0,0.02
1200.0,4.148409e-13,0.0,618670140.0,0.02
1210.0,0.0,0.0,618717950.0,0.02
1210.0,0.0,0.0,618717950.0,0.02
1220.0,0.0,0.0,618764700.0,0.02
1220.0,0.0,0.0,618764700.0,0.02
1230.0,1.2445037e-12,0.0,618810300.0,0.02
1230.0,1.2445037e-12,0.0,618810300.0,0.02
1240.0,4.1483258e-13,0.0,618854900.0,0.02
1240.0,4.1483258e-13,0.0,618854900.0,0.02
1250.0,4.1483066e-13,0.0,618898400.0,0.02
1250.0,4.1483066e-13,0.0,618898400.0,0.02
1260.0,4.1482876e-13,0.0,618940800.0,0.02
1260.0,4.1482876e-13,0.0,618940800.0,0.02
1270.0,0.0,0.0,618982000.0,0.02
1270.0,0.0,0.0,618982000.0,0.02
1280.0,8.296503e-13,0.0,619022100.0,0.02
1280.0,8.296503e-13,0.0,619022100.0,0.02
1290.0,4.1482345e-13,0.0,619061000.0,0.02
1290.0,4.1482345e-13,0.0,619061000.0,0.02
1300.0,0.0,0.0,619098700.0,0.02
1300.0,0.0,0.0,619098700.0,0.02
1310.0,4.1482017e-13,0.0,619135200.0,0.02
1310.0,4.1482017e-13,0.0,619135200.0,0.02
1320.0,4.148186e-13,0.0,619170500.0,0.02
1320.0,4.148186e-13,0.0,619170500.0,0.02
1330.0,4.148171e-13,0.0,619204600.0,0.02
1330.0,4.148171e-13,0.0,619204600.0,0.02
1340.0,8.296313e-13,0.0,619237570.0,0.02
1340.0,8.296313e-13,0.0,619237570.0,0.02
1350.0,0.0,0.0,619269400.0,0.02
1350.0,0.0,0.0,619269400.0,0.02
1360.0,4.1481285e-13,0.0,619300000.0,0.02
1360.0,4.1481285e-13,0.0,619300000.0,0.02
1370.0,8.296231e-13,0.0,619329540.0,0.02
1370.0,8.296231e-13,0.0,619329540.0,0.02
1380.0,1.2444308e-12,0.0,619357950.0,0.02
1380.0,1.2444308e-12,0.0,619357950.0,0.02
1390.0,0.0,0.0,619385340.0,0.02
1390.0,0.0,0.0,619385340.0,0.02
1400.0,0.0,0.0,619411800.0,0.02
1400.0,0.0,0.0,619411800.0,0.02
1410.0,0.0,0.0,619437200.0,0.02
1410.0,0.0,0.0,619437200.0,0.02
1420.0,8.296112e-13,4.148056e-13,619461760.0,0.02
1420.0,4.148056e-13,0.0,619461760.0,0.02
1430.0,4.148045e-13,0.0,619485400.0,0.02
1430.0,4.148045e-13,0.0,619485400.0,0.02
1440.0,8.296069e-13,0.0,619508200.0,0.02
1440.0,8.296069e-13,0.0,619508200.0,0.02
1450.0,8.296049e-13,0.0,619530300.0,0.02
1450.0,8.296049e-13,0.0,619530300.0,0.02
1460.0,4.1480147e-13,0.0,619551600.0,0.02
1460.0,4.1480147e-13,0.0,619551600.0,0.02
1470.0,1.2444015e-12,0.0,619572300.0,0.02
1470.0,1.2444015e-12,0.0,619572300.0,0.02
1480.0,0.0,0.0,619592300.0,0.02
1480.0,0.0,0.0,619592300.0,0.02
1490.0,0.0,4.1479868e-13,619611800.0,0.02
1490.0,4.1479868e-13,0.0,619611800.0,0.02
1500.0,0.0,0.0,619630660.0,0.02
1500.0,0.0,0.0,619630660.0,0.02
1510.0,4.1479697e-13,0.0,619648900.0,0.02
1510.0,4.1479697e-13,0.0,619648900.0,0.02
1520.0,0.0,0.0,619666750.0,0.02
1520.0,0.0,0.0,619666750.0,0.02
1530.0,0.0,4.1479534e-13,619684030.0,0.02
1530.0,4.1479534e-13,0.0,619684030.0,0.02
1540.0,4.1479458e-13,4.1479458e-13,619700540.0,0.02
1540.0,0.0,0.0,619700540.0,0.02
1550.0,4.1479382e-13,0.0,619717060.0,0.02
1550.0,4.1479382e-13,0.0,619717060.0,0.02
1560.0,0.0,0.0,619732860.0,0.02
1560.0,0.0,0.0,619732860.0,0.02
1570.0,0.0,0.0,619748700.0,0.02
1570.0,0.0,0.0,619748700.0,0.02
1580.0,4.147917e-13,0.0,619763200.0,0.02
1580.0,4.147917e-13,0.0,619763200.0,0.02
1590.0,0.0,0.0,619777500.0,0.02
1590.0,0.0,0.0,619777500.0,0.02
1600.0,0.0,0.0,619791800.0,0.02
1600.0,0.0,0.0,619791800.0,0.02
1610.0,4.1478978e-13,0.0,619806140.0,0.02
1610.0,4.1478978e-13,0.0,619806140.0,0.02
1620.0,4.147892e-13,0.0,619819460.0,0.02
1620.0,4.147892e-13,0.0,619819460.0,0.02
1630.0,4.147886e-13,0.0,619832500.0,0.02
1630.0,4.147886e-13,0.0,619832500.0,0.02
1640.0,4.1478802e-13,0.0,619845500.0,0.02
1640.0,4.1478802e-13,0.0,619845500.0,0.02
1650.0,1.2443623e-12,0.0,619858400.0,0.02
1650.0,1.2443623e-12,0.0,619858400.0,0.02
1660.0,8.295738e-13,0.0,619870140.0,0.02
1660.0,8.295738e-13,0.0,619870140.0,0.02
1670.0,4.147864e-13,4.147864e-13,619881900.0,0.02
1670.0,4.147864e-13,4.147864e-13,619881900.0,0.02
1680.0,4.1478585e-13,0.0,619893600.0,0.02
1680.0,4.1478585e-13,0.0,619893600.0,0.02
1690.0,8.2957073e-13,0.0,619904900.0,0.02
1690.0,8.2957073e-13,0.0,619904900.0,0.02
1700.0,4.1478488e-13,0.0,619915400.0,0.02
1700.0,4.1478488e-13,0.0,619915400.0,0.02
1710.0,4.1478442e-13,0.0,619925900.0,0.02
1710.0,4.1478442e-13,0.0,619925900.0,0.02
1720.0,4.1478396e-13,0.0,619936400.0,0.02
1720.0,4.1478396e-13,0.0,619936400.0,0.02
1730.0,4.147835e-13,0.0,619946560.0,0.02
1730.0,4.147835e-13,0.0,619946560.0,0.02
1740.0,8.295661e-13,0.0,619956350.0,0.02
1740.0,8.295661e-13,0.0,619956350.0,0.02
1750.0,4.1478263e-13,0.0,619965950.0,0.02
1750.0,4.1478263e-13,0.0,619965950.0,0.02
1760.0,1.2443466e-12,0.0,619975300.0,0.02
1760.0,1.2443466e-12,0.0,619975300.0,0.02
1770.0,0.0,0.0,619984400.0,0.02
1770.0,0.0,0.0,619984400.0,0.02
1780.0,0.0,0.0,619993300.0,0.02
1780.0,0.0,0.0,619993300.0,0.02
1790.0,8.29562e-13,0.0,620001900.0,0.02
1790.0,8.29562e-13,0.0,620001900.0,0.02
1800.0,0.0,0.0,620010300.0,0.02
1800.0,0.0,0.0,620010300.0,0.02
1810.0,4.1478027e-13,0.0,620018400.0,0.02
1810.0,4.1478027e-13,0.0,620018400.0,0.02
1820.0,1.2443397e-12,0.0,620026240.0,0.02
1820.0,1.2443397e-12,0.0,620026240.0,0.02
1830.0,4.1477957e-13,0.0,620033860.0,0.02
1830.0,4.1477957e-13,0.0,620033860.0,0.02
1840.0,4.1477924e-13,0.0,620041200.0,0.02
1840.0,4.1477924e-13,0.0,620041200.0,0.02
1850.0,1.2443368e-12,0.0,620048300.0,0.02
1850.0,1.2443368e-12,0.0,620048300.0,0.02
1860.0,1.2443358e-12,0.0,620055230.0,0.02
1860.0,1.2443358e-12,0.0,620055230.0,0.02
1870.0,4.147783e-13,0.0,620061950.0,0.02
1870.0,4.147783e-13,0.0,620061950.0,0.02
1880.0,8.29556e-13,0.0,620068500.0,0.02
1880.0,8.29556e-13,0.0,620068500.0,0.02
1890.0,0.0,0.0,620074800.0,0.02
1890.0,0.0,0.0,620074800.0,0.02
1900.0,4.1477742e-13,0.0,620080900.0,0.02
1900.0,4.1477742e-13,0.0,620080900.0,0.02
1910.0,0.0,0.0,620086850.0,0.02
1910.0,0.0,0.0,620086850.0,0.02
1920.0,0.0,0.0,620092540.0,0.02
1920.0,0.0,0.0,620092540.0,0.02
1930.0,4.1477664e-13,0.0,620098050.0,0.02
1930.0,4.1477664e-13,0.0,620098050.0,0.02
1940.0,1.2443292e-12,0.0,620103500.0,0.02
1940.0,1.2443292e-12,0.0,620103500.0,0.02
1950.0,0.0,0.0,620108800.0,0.02
1950.0,0.0,0.0,620108800.0,0.02
1960.0,4.1477593e-13,0.0,620113900.0,0.02
1960.0,4.1477593e-13,0.0,620113900.0,0.02
1970.0,4.147757e-13,0.0,620118900.0,0.02
1970.0,4.147757e-13,0.0,620118900.0,0.02
1980.0,4.1477547e-13,0.0,620123700.0,0.02
1980.0,4.1477547e-13,0.0,620123700.0,0.02
1990.0,8.295505e-13,0.0,620128300.0,0.02
1990.0,8.295505e-13,0.0,620128300.0,0.02
2000.0,0.0,0.0,620132860.0,0.02
2000.0,0.0,0.0,620132860.0,0.02
2010.0,0.0005696873,0.020226836,620137200.0,0.02
2010.0,0.0011019156,0.019773368,620137200.0,0.02
2020.0,0.0016509185,0.039266225,620141400.0,0.02
2020.0,0.0026632932,0.03838824,620141400.0,0.02
2030.0,0.003183622,0.056863375,620145340.0,0.02
2030.0,0.0046218084,0.05559538,620145340.0,0.02
2040.0,0.005140731,0.07402095,620149300.0,0.02
2040.0,0.006980811,0.07237477,620149300.0,0.02
2050.0,0.0074501582,0.089040354,620152960.0,0.02
2050.0,0.009625902,0.08706582,620152960.0,0.02
2060.0,0.010090039,0.10354666,620156500.0,0.02
2060.0,0.012581737,0.101256914,620156500.0,0.02
2070.0,0.013045866,0.117737755,620160060.0,0.02
2070.0,0.015840508,0.11514143,620160060.0,0.02
2080.0,0.01630463,0.13162227,620163650.0,0.02
2080.0,0.019390494,0.12872773,620163650.0,0.02
2090.0,0.019780314,0.14257032,620166660.0,0.02
2090.0,0.02307735,0.13944486,620166660.0,0.02
2100.0,0.023449624,0.15266456,620169540.0,0.02
2100.0,0.026936019,0.1493284,620169540.0,0.02
2110.0,0.027308289,0.1625481,620172400.0,0.02
2110.0,0.030979894,0.15900695,620172400.0,0.02
2120.0,0.03135216,0.17222665,620175300.0,0.02
2120.0,0.035204932,0.16848607,620175300.0,0.02
2130.0,0.035577193,0.18170577,620178100.0,0.02
2130.0,0.039607186,0.17777114,620178100.0,0.02
2140.0,0.039979443,0.19099084,620181000.0,0.02
2140.0,0.04418279,0.1868674,620181000.0,0.02
2150.0,0.044555042,0.2000871,620183900.0,0.02
2150.0,0.048927948,0.19577993,620183900.0,0.02
2160.0,0.049300198,0.20899962,620186750.0,0.02
2160.0,0.05383893,0.20451367,620186750.0,0.02
2170.0,0.054165136,0.21609825,620189300.0,0.02
2170.0,0.05882302,0.21147496,620189300.0,0.02
2180.0,0.05912064,0.22204454,620191550.0,0.02
2180.0,0.06387002,0.21731032,620191550.0,0.02
2190.0,0.06416763,0.22787991,620193860.0,0.02
2190.0,0.06900892,0.22303768,620193860.0,0.02
2200.0,0.06930653,0.23360726,620196160.0,0.02
2200.0,0.074239716,0.22865985,620196160.0,0.02
2210.0,0.07453732,0.23922943,620198460.0,0.02
2210.0,0.07956204,0.23417962,620198460.0,0.02
2220.0,0.07985965,0.2447492,620200770.0,0.02
2220.0,0.084975235,0.23959966,620200770.0,0.02
2230.0,0.08527284,0.25016925,620203100.0,0.02
2230.0,0.09047839,0.24492258,620203100.0,0.02
2240.0,0.090776,0.25549215,620205400.0,0.02
2240.0,0.0960704,0.2501509,620205400.0,0.02
2250.0,0.09634274,0.25982332,620207400.0,0.02
2250.0,0.10170114,0.25441006,620207400.0,0.02
2260.0,0.101939306,0.2628687,620209300.0,0.02
2260.0,0.10732981,0.25741246,620209300.0,0.02
2270.0,0.10756797,0.2658711,620211100.0,0.02
2270.0,0.11299233,0.26037294,620211100.0,0.02
2280.0,0.1132305,0.26883158,620212900.0,0.02
2280.0,0.11868997,0.26329243,620212900.0,0.02
2290.0,0.11892813,0.27175108,620214800.0,0.02
2290.0,0.12442358,0.26617202,620214800.0,0.02
2300.0,0.12466174,0.27463067,620216600.0,0.02
2300.0,0.13019373,0.2690126,620216600.0,0.02
2310.0,0.13043188,0.27747124,620218430.0,0.02
2310.0,0.13600065,0.2718151,620218430.0,0.02
2320.0,0.1362388,0.28027374,620220300.0,0.02
2320.0,0.1418444,0.27458045,620220300.0,0.02
2330.0,0.14206427,0.28238958,620221950.0,0.02
2330.0,0.14768949,0.27667457,620221950.0,0.02
2340.0,0.14784916,0.2823457,620223170.0,0.02
2340.0,0.15343851,0.2766573,620223170.0,0.02
2350.0,0.15359817,0.28232846,620224400.0,0.02
2350.0,0.15915564,0.2766658,620224400.0,0.02
2360.0,0.1593153,0.28233695,620225600.0,0.02
2360.0,0.16484421,0.27669924,620225600.0,0.02
2370.0,0.16500388,0.2823704,620226900.0,0.02
2370.0,0.17050706,0.27675673,620226900.0,0.02
2380.0,0.17066672,0.28242788,620228100.0,0.02
2380.0,0.17614654,0.2768375,620228100.0,0.02
2390.0,0.1763062,0.28250864,620229300.0,0.02
2390.0,0.18176462,0.2769408,620229300.0,0.02
2400.0,0.18192428,0.28261194,620230500.0,0.02
2400.0,0.187363,0.2770658,620230500.0,0.02
2410.0,0.18752266,0.28273696,620231740.0,0.02
2410.0,0.19294308,0.27721187,620231740.0,0.02
2420.0,0.19310275,0.28288302,620232960.0,0.02
2420.0,0.19850606,0.27737823,620232960.0,0.02
2430.0,0.19866572,0.28304937,620234200.0,0.02
2430.0,0.20405293,0.27756423,620234200.0,0.02
2440.0,0.20421259,0.28323534,620235460.0,0.02
2440.0,0.20958456,0.27776915,620235460.0,0.02
2450.0,0.20974423,0.2834403,620236700.0,0.02
2450.0,0.21510167,0.27799243,620236700.0,0.02
2460.0,0.21526134,0.28366354,620237900.0,0.02
2460.0,0.2206049,0.27823335,620237900.0,0.02
2470.0,0.22076456,0.2839045,620239100.0,0.02
2470.0,0.22609478,0.27849138,620239100.0,0.02
2480.0,0.22625445,0.2841625,620240300.0,0.02
2480.0,0.2315718,0.2787659,620240300.0,0.02
2490.0,0.23173146,0.284437,620241540.0,0.02
2490.0,0.23703635,0.27905628,620241540.0,0.02
2500.0,0.2371515,0.2831464,620242400.0,0.02
2500.0,0.24240273,0.2778165,620242400.0,0.02
2510.0,0.24234782,0.27586618,620238460.0,0.02
2510.0,0.24738939,0.2707209,620238460.0,0.02
2520.0,0.24617277,0.22750875,620205300.0,0.02
2520.0,0.24993166,0.22346765,620205300.0,0.02
2530.0,0.24678658,0.111770175,620124200.0,0.02
2530.0,0.24753875,0.11033774,620124200.0,0.02
2540.0,0.24167478,0.09788313,619976700.0,0.02
2540.0,0.23705918,0.09461458,619976700.0,0.02
2550.0,0.22784793,0.42159563,619747400.0,0.02
2550.0,0.21505119,0.41109112,619747400.0,0.02
2560.0,0.20217939,0.8678194,619427200.0,0.02
2560.0,0.17825043,0.8473643,619427200.0,0.02
2570.0,0.16145085,1.4431244,619006460.0,0.02
2570.0,0.12334397,1.4098659,619006460.0,0.02
2580.0,0.102500476,2.14851,618478400.0,0.02
2580.0,0.04721434,2.099581,618478400.0,0.02
2590.0,0.022316253,2.9811592,617838100.0,0.02
2590.0,0.053017683,2.913763,617838100.0,0.02
2600.0,0.08187154,3.9343956,617081900.0,0.02
2600.0,0.17990132,3.845891,617081900.0,0.02
2610.0,0.21248862,4.9972997,616209900.0,0.02
2610.0,0.3355451,4.885295,616209900.0,0.02
2620.0,0.37155026,6.155903,615225100.0,0.02
2620.0,0.5215832,6.0183234,615225100.0,0.02
2630.0,0.56063414,7.3945875,614133440.0,0.02
2630.0,0.73918515,7.229712,614133440.0,0.02
2640.0,0.78089666,8.697675,612942200.0,0.02
2640.0,0.98911244,8.504136,612942200.0,0.02
2650.0,1.0330793,10.049193,611660400.0,0.02
2650.0,1.271716,9.825985,611660400.0,0.02
2660.0,1.3175273,11.4334135,610297860.0,0.02
2660.0,1.5869671,11.179885,610297860.0,0.02
2670.0,1.6342161,12.835187,608865100.0,0.02
2670.0,1.9344897,12.551028,608865100.0,0.02
2680.0,1.9828782,14.243593,607369340.0,0.02
2680.0,2.3137841,13.928742,607369340.0,0.02
2690.0,2.3629906,15.647201,605819200.0,0.02
2690.0,2.724081,15.301854,605819200.0,0.02
2700.0,2.7738695,17.037909,604219970.0,0.02
2700.0,3.1645403,16.662445,604219970.0,0.02
2710.0,3.2146828,18.408112,602577100.0,0.02
2710.0,3.6341841,18.003082,602577100.0,0.02
2720.0,3.6844935,19.751856,600894300.0,0.02
2720.0,4.1319704,19.317945,600894300.0,0.02
2730.0,4.182244,21.062803,599174400.0,0.02
2730.0,4.6567216,20.60084,599174400.0,0.02
2740.0,4.7067704,22.335302,597419140.0,0.02
2740.0,5.207171,21.846243,597419140.0,0.02
2750.0,5.2568407,23.565039,595632000.0,0.02
2750.0,5.782014,23.049938,595632000.0,0.02
2760.0,5.831163,24.74831,593815200.0,0.02
2760.0,6.379899,24.208305,593815200.0,0.02
2770.0,6.4284678,25.884295,591974460.0,0.02
2770.0,6.999571,25.32054,591974460.0,0.02
2780.0,7.0474524,26.97058,590113150.0,0.02
2780.0,7.639692,26.384281,590113150.0,0.02
2790.0,7.6868815,28.00837,588235000.0,0.02
2790.0,8.299087,27.400705,588235000.0,0.02
2800.0,8.345531,28.997145,586343200.0,0.02
2800.0,8.976536,28.369303,586343200.0,0.02
2810.0,9.022256,29.93892,584439100.0,0.02
2810.0,9.670966,29.292038,584439100.0,0.02
2820.0,9.715957,30.834755,582524400.0,0.02
2820.0,10.381317,30.169947,582524400.0,0.02
2830.0,10.425608,31.68693,580599230.0,0.02
2830.0,11.106635,31.00525,580599230.0,0.02
2840.0,11.150243,32.49719,578664640.0,0.02
2840.0,11.846001,31.799652,578664640.0,0.02
2850.0,11.888952,33.267548,576721200.0,0.02
2850.0,12.598563,32.555115,576721200.0,0.02
2860.0,12.640889,34.000134,574769150.0,0.02
2860.0,13.363528,33.27372,574769150.0,0.02
2870.0,13.40526,34.69698,572808900.0,0.02
2870.0,14.140156,33.957447,572808900.0,0.02
2880.0,14.1813545,35.361126,570842000.0,0.02
2880.0,14.927811,34.60927,570842000.0,0.02
2890.0,14.968467,35.993114,568868200.0,0.02
2890.0,15.725795,35.2297,568868200.0,0.02
2900.0,15.765973,36.596012,566889000.0,0.02
2900.0,16.53356,35.821743,566889000.0,0.02
2910.0,16.573261,37.17063,564904450.0,0.02
2910.0,17.350506,36.38619,564904450.0,0.02
2920.0,17.389793,37.719822,562915600.0,0.02
2920.0,18.176165,36.925816,562915600.0,0.02
2930.0,18.215055,38.24483,560922700.0,0.02
2930.0,19.010044,37.441845,560922700.0,0.02
2940.0,19.048588,38.747902,558926400.0,0.02
2940.0,19.851736,37.936462,558926400.0,0.02
2950.0,19.889946,39.23016,556926800.0,0.02
2950.0,20.70082,38.410767,556926800.0,0.02
2960.0,20.738747,39.693775,554924350.0,0.02
2960.0,21.55696,38.866867,554924350.0,0.02
2970.0,21.594639,40.140507,552919230.0,0.02
2970.0,22.41984,39.30649,552919230.0,0.02
2980.0,22.457315,40.5722,550911550.0,0.02
2980.0,23.289198,39.731438,550911550.0,0.02
2990.0,23.326502,40.99034,548901300.0,0.02
2990.0,24.16479,40.143154,548901300.0,0.02
3000.0,24.20196,41.396584,546888770.0,0.02
3000.0,25.04641,40.543255,546888770.0,0.02
3010.0,25.083485,41.79252,544874050.0,0.02
3010.0,25.933891,40.93329,544874050.0,0.02
3020.0,25.970903,42.179466,542857150.0,0.02
3020.0,26.827085,41.31455,542857150.0,0.02
3030.0,26.864052,42.558258,540838000.0,0.02
3030.0,27.725845,41.687847,540838000.0,0.02
3040.0,27.762808,42.930515,538816830.0,0.02
3040.0,28.63008,42.05476,538816830.0,0.02
3050.0,28.667072,43.29751,536793660.0,0.02
3050.0,29.53972,42.41653,536793660.0,0.02
3060.0,29.576757,43.659786,534768480.0,0.02
3060.0,30.454687,42.773697,534768480.0,0.02
3070.0,30.491787,44.01817,532741300.0,0.02
3070.0,31.37492,43.127056,532741300.0,0.02
3080.0,31.41212,44.37396,530712220.0,0.02
3080.0,32.300407,43.477882,530712220.0,0.02
3090.0,32.337734,44.72815,528681280.0,0.02
3090.0,33.231148,43.82714,528681280.0,0.02
3100.0,33.268482,45.07677,526642750.0,0.02
3100.0,34.166874,44.17096,526642750.0,0.02
3110.0,34.204273,45.421818,524597760.0,0.02
3110.0,35.107555,44.511288,524597760.0,0.02
3120.0,35.144836,45.75717,522541980.0,0.02
3120.0,36.052742,44.842144,522541980.0,0.02
3130.0,36.08986,46.08177,520473730.0,0.02
3130.0,37.002106,45.162502,520473730.0,0.02
3140.0,37.03897,46.392757,518398820.0,0.02
3140.0,37.95519,45.469563,518398820.0,0.02
3150.0,37.991802,46.690586,516322080.0,0.02
3150.0,38.911648,45.76377,516322080.0,0.02
3160.0,38.948013,46.97569,514249180.0,0.02
3160.0,39.871166,46.045555,514249180.0,0.02
3170.0,39.90733,47.249943,512182560.0,0.02
3170.0,40.833515,46.31674,512182560.0,0.02
3180.0,40.86953,47.515335,510122500.0,0.02
3180.0,41.798542,46.57926,510122500.0,0.02
3190.0,41.834465,47.774025,508068670.0,0.02
3190.0,42.766144,46.83523,508068670.0,0.02
3200.0,42.80201,48.027317,506020380.0,0.02
3200.0,43.736244,47.085922,506020380.0,0.02
3210.0,43.772118,48.277504,503976200.0,0.02
3210.0,44.70885,47.333572,503976200.0,0.02
3220.0,44.744797,48.526802,501935230.0,0.02
3220.0,45.684025,47.58034,501935230.0,0.02
3230.0,45.720104,48.777164,499895800.0,0.02
3230.0,46.661877,47.82814,499895800.0,0.02
3240.0,46.69814,49.030224,497856770.0,0.02
3240.0,47.64254,48.078556,497856770.0,0.02
3250.0,47.679028,49.287327,495816800.0,0.02
3250.0,48.62618,48.33291,495816800.0,0.02
3260.0,48.662926,49.54943,493774720.0,0.02
3260.0,49.61296,48.59213,493774720.0,0.02
3270.0,49.64999,49.817207,491731230.0,0.02
3270.0,50.603054,48.856876,491731230.0,0.02
3280.0,50.640396,50.091446,489697000.0,0.02
3280.0,51.59665,49.127922,489697000.0,0.02
3290.0,51.63438,50.37445,487664830.0,0.02
3290.0,52.594048,49.40751,487664830.0,0.02
3300.0,52.632385,50.67318,485626620.0,0.02
3300.0,53.595875,49.702435,485626620.0,0.02
3310.0,53.63448,50.976078,483601280.0,0.02
3310.0,54.60186,50.00142,483601280.0,0.02
3320.0,54.64096,51.290512,481593760.0,0.02
3320.0,55.61251,50.311653,481593760.0,0.02
3330.0,55.65212,51.616432,479577500.0,0.02
3330.0,56.62811,50.633095,479577500.0,0.02
3340.0,56.66813,51.950607,477549980.0,0.02
3340.0,57.64873,50.96258,477549980.0,0.02
3350.0,57.689194,52.293633,475507700.0,0.02
3350.0,58.6746,51.3007,475507700.0,0.02
3360.0,58.71547,52.644226,473448740.0,0.02
3360.0,59.705826,51.646206,473448740.0,0.02
3370.0,59.747074,53.001156,471379780.0,0.02
3370.0,60.742496,51.997883,471379780.0,0.02
3380.0,60.784096,53.363224,469304160.0,0.02
3380.0,61.784668,52.35458,469304160.0,0.02
3390.0,61.826588,53.729324,467223170.0,0.02
3390.0,62.832367,52.715206,467223170.0,0.02
3400.0,62.874573,54.098362,465138400.0,0.02
3400.0,63.885582,53.078693,465138400.0,0.02
3410.0,63.928055,54.469498,463052030.0,0.02
3410.0,64.9443,53.444233,463052030.0,0.02
3420.0,64.987045,54.842735,460965470.0,0.02
3420.0,66.00854,53.811817,460965470.0,0.02
3430.0,66.051544,55.217903,458881000.0,0.02
3430.0,67.0783,54.181286,458881000.0,0.02
3440.0,67.12156,55.594482,456794050.0,0.02
3440.0,68.153564,54.55213,456794050.0,0.02
3450.0,68.19707,55.97231,454704480.0,0.02
3450.0,69.23433,54.92419,454704480.0,0.02
3460.0,69.27806,56.35071,452616220.0,0.02
3460.0,70.32055,55.296814,452616220.0,0.02
3470.0,70.36452,56.729702,450526720.0,0.02
3470.0,71.41221,55.67001,450526720.0,0.02
3480.0,71.4564,57.10892,448432830.0,0.02
3480.0,72.50928,56.043427,448432830.0,0.02
3490.0,72.553665,57.48787,446336670.0,0.02
3490.0,73.61169,56.41658,446336670.0,0.02
3500.0,73.65628,57.866367,444238460.0,0.02
3500.0,74.71941,56.789295,444238460.0,0.02
3510.0,74.76418,58.243683,442182700.0,0.02
3510.0,75.83235,57.16085,442182700.0,0.02
3520.0,75.87767,58.631725,440199040.0,0.02
3520.0,76.95117,57.542873,440199040.0,0.02
3530.0,76.99724,59.037106,438201280.0,0.02
3530.0,78.07653,57.941807,438201280.0,0.02
3540.0,78.12315,59.45266,436171780.0,0.02
3540.0,79.20848,58.350666,436171780.0,0.02
3550.0,79.255585,59.876064,434120830.0,0.02
3550.0,80.347115,58.76718,434120830.0,0.02
3560.0,80.39467,60.305805,432054370.0,0.02
3560.0,81.492516,59.18988,432054370.0,0.02
3570.0,81.540565,60.74312,429970720.0,0.02
3570.0,82.6449,59.619965,429970720.0,0.02
3580.0,82.69334,61.18434,427874600.0,0.02
3580.0,83.80419,60.053867,427874600.0,0.02
3590.0,83.8529,61.625443,425777900.0,0.02
3590.0,84.97022,60.487656,425777900.0,0.02
3600.0,85.0192,62.066864,423687100.0,0.02
3600.0,86.14296,60.92176,423687100.0,0.02
3610.0,86.19223,62.509014,421589020.0,0.02
3610.0,87.32238,61.356575,421589020.0,0.02
3620.0,87.371925,62.951096,419484220.0,0.02
3620.0,88.50843,61.791332,419484220.0,0.02
3630.0,88.55822,63.392513,417373820.0,0.02
3630.0,89.70102,62.22544,417373820.0,0.02
3640.0,89.75104,63.832607,415259140.0,0.02
3640.0,90.900055,62.658264,415259140.0,0.02
3650.0,90.950294,64.27094,413140900.0,0.02
3650.0,92.10544,63.08937,413140900.0,0.02
3660.0,92.15588,64.70722,411019520.0,0.02
3660.0,93.31708,63.51848,411019520.0,0.02
3670.0,93.36772,65.14129,408894720.0,0.02
3670.0,94.534874,63.94543,408894720.0,0.02
3680.0,94.5857,65.57303,406767170.0,0.02
3680.0,95.75872,64.37012,406767170.0,0.02
3690.0,95.809746,66.00236,404637860.0,0.02
3690.0,96.98853,64.79245,404637860.0,0.02
3700.0,97.03975,66.42927,402507170.0,0.02
3700.0,98.22422,65.21243,402507170.0,0.02
3710.0,98.27562,66.85386,400375070.0,0.02
3710.0,99.4657,65.63014,400375070.0,0.02
3720.0,99.517296,67.27644,398242400.0,0.02
3720.0,100.7129,66.04591,398242400.0,0.02
3730.0,100.7647,67.69731,396109760.0,0.02
3730.0,101.96577,66.46,396109760.0,0.02
3740.0,102.01777,68.11644,393976640.0,0.02
3740.0,103.224236,66.8724,393976640.0,0.02
3750.0,103.27644,68.53395,391838460.0,0.02
3750.0,104.488235,67.28322,391838460.0,0.02
3760.0,104.54066,68.94987,389697340.0,0.02
3760.0,105.75772,67.692474,389697340.0,0.02
3770.0,105.81035,69.3644,387555230.0,0.02
3770.0,107.03263,68.100395,387555230.0,0.02
3780.0,107.08547,69.77758,385411870.0,0.02
3780.0,108.31292,68.50699,385411870.0,0.02
3790.0,108.36598,70.19004,383267420.0,0.02
3790.0,109.59856,68.91288,383267420.0,0.02
3800.0,109.651855,70.60179,381121900.0,0.02
3800.0,110.88951,69.318085,381121900.0,0.02
3810.0,110.94306,71.013405,378974940.0,0.02
3810.0,112.18578,69.723145,378974940.0,0.02
3820.0,112.239586,71.4249,376826620.0,0.02
3820.0,113.48735,70.12809,376826620.0,0.02
3830.0,113.54141,71.83681,374676860.0,0.02
3830.0,114.79422,70.53344,374676860.0,0.02
3840.0,114.84856,72.24917,372525730.0,0.02
3840.0,116.106384,70.93923,372525730.0,0.02
3850.0,116.160995,72.66222,370373100.0,0.02
3850.0,117.42386,71.34569,370373100.0,0.02
3860.0,117.47875,73.07623,368218940.0,0.02
3860.0,118.74664,71.75309,368218940.0,0.02
3870.0,118.80164,73.4853,366186050.0,0.02
3870.0,120.074394,72.15567,366186050.0,0.02
3880.0,120.13078,73.930084,364320130.0,0.02
3880.0,121.409424,72.593056,364320130.0,0.02
3890.0,121.467285,74.41211,362347650.0,0.02
3890.0,122.75287,73.066734,362347650.0,0.02
3900.0,122.81152,74.90904,360312400.0,0.02
3900.0,124.104385,73.55495,360312400.0,0.02
3910.0,124.16375,75.41782,358238530.0,0.02
3910.0,125.46415,74.0547,358238530.0,0.02
3920.0,125.524155,75.93577,356134940.0,0.02
3920.0,126.83225,74.56341,356134940.0,0.02
3930.0,126.89282,76.460495,354008450.0,0.02
3930.0,128.20872,75.07872,354008450.0,0.02
3940.0,128.26982,76.99019,351863520.0,0.02
3940.0,129.5936,75.59888,351863520.0,0.02
3950.0,129.65517,77.52323,349703260.0,0.02
3950.0,130.9868,76.122314,349703260.0,0.02
3960.0,131.04881,78.058334,347530100.0,0.02
3960.0,132.38832,76.64775,347530100.0,0.02
3970.0,132.45073,78.59443,345347000.0,0.02
3970.0,133.79807,77.17417,345347000.0,0.02
3980.0,133.86084,79.13078,343157570.0,0.02
3980.0,135.21594,77.70084,343157570.0,0.02
3990.0,135.27911,79.66744,340963550.0,0.02
3990.0,136.64194,78.22783,340963550.0,0.02
4000.0,136.70549,80.20412,338766720.0,0.02
4000.0,138.07599,78.75483,338766720.0,0.02
4010.0,138.13998,80.74335,336565400.0,0.02
4010.0,139.51819,79.284325,336565400.0,0.02
4020.0,139.58261,81.28373,334360420.0,0.02
4020.0,140.96852,79.81495,334360420.0,0.02
4030.0,141.03331,81.82427,332152300.0,0.02
4030.0,142.42688,80.34573,332152300.0,0.02
4040.0,142.49202,82.36336,329942660.0,0.02
4040.0,143.89317,80.87511,329942660.0,0.02
4050.0,143.95868,82.902245,327731620.0,0.02
4050.0,145.36737,81.40429,327731620.0,0.02
4060.0,145.43327,83.44168,325519230.0,0.02
4060.0,146.8495,81.93401,325519230.0,0.02
4070.0,146.91582,83.98211,323305470.0,0.02
4070.0,148.33957,82.46471,323305470.0,0.02
4080.0,148.40631,84.523766,321090460.0,0.02
4080.0,149.8376,82.996605,321090460.0,0.02
4090.0,149.90477,85.06696,318874100.0,0.02
4090.0,151.34361,83.53,318874100.0,0.02
4100.0,151.41122,85.611755,316656450.0,0.02
4100.0,152.85764,84.06496,316656450.0,0.02
4110.0,152.9257,86.158295,314437470.0,0.02
4110.0,154.3797,84.60162,314437470.0,0.02
4120.0,154.44821,86.70674,312217180.0,0.02
4120.0,155.90984,85.14015,312217180.0,0.02
4130.0,155.97882,87.2574,309995780.0,0.02
4130.0,157.44809,85.68084,309995780.0,0.02
4140.0,157.51755,87.81042,307773280.0,0.02
4140.0,158.9945,86.223816,307773280.0,0.02
4150.0,159.06445,88.366165,305550000.0,0.02
4150.0,160.54915,86.76947,305550000.0,0.02
4160.0,160.61958,88.924835,303326080.0,0.02
4160.0,162.11208,87.31797,303326080.0,0.02
4170.0,162.18303,89.48699,301101630.0,0.02
4170.0,163.68338,87.869865,301101630.0,0.02
4180.0,163.75488,90.05304,298876740.0,0.02
4180.0,165.26317,88.42556,298876740.0,0.02
4190.0,165.33522,90.623184,296651400.0,0.02
4190.0,166.85152,88.985245,296651400.0,0.02
4200.0,166.92413,91.19757,294425380.0,0.02
4200.0,168.44855,89.549065,294425380.0,0.02
4210.0,168.52173,91.77656,292198720.0,0.02
4210.0,170.05434,90.11737,292198720.0,0.02
4220.0,170.12811,92.360634,289971520.0,0.02
4220.0,171.66905,90.69063,289971520.0,0.02
4230.0,171.74344,92.95006,287743780.0,0.02
4230.0,173.2928,91.269104,287743780.0,0.02
4240.0,173.36784,93.54593,285515500.0,0.02
4240.0,174.92577,91.85387,285515500.0,0.02
4250.0,175.00145,94.147644,283286720.0,0.02
4250.0,176.56808,92.44431,283286720.0,0.02
4260.0,176.64444,94.756004,281057400.0,0.02
4260.0,178.21992,93.041245,281057400.0,0.02
4270.0,178.29697,95.371025,278827520.0,0.02
4270.0,179.88144,93.64465,278827520.0,0.02
4280.0,179.95917,95.99248,276596930.0,0.02
4280.0,181.55278,94.25433,276596930.0,0.02
4290.0,181.63123,96.62119,274365630.0,0.02
4290.0,183.23412,94.87109,274365630.0,0.02
4300.0,183.31258,97.23566,272305340.0,0.02
4300.0,184.92429,95.47399,272305340.0,0.02
4310.0,185.00536,97.914604,270966500.0,0.02
4310.0,186.62779,96.139656,270966500.0,0.02
4320.0,186.71283,98.69639,269361300.0,0.02
4320.0,188.34908,96.905426,269361300.0,0.02
4330.0,188.43437,99.46656,267548560.0,0.02
4330.0,190.08385,97.65991,267548560.0,0.02
4340.0,190.16812,100.1876,265635730.0,0.02
4340.0,191.82915,98.3666,265635730.0,0.02
4350.0,191.91148,100.8331,263692460.0,0.02
4350.0,193.58163,98.99977,263692460.0,0.02
4360.0,193.66132,101.38413,261768830.0,0.02
4360.0,195.33766,99.541,261768830.0,0.02
4370.0,195.41418,101.82863,259900560.0,0.02
4370.0,197.09358,99.97856,259900560.0,0.02
4380.0,197.16663,102.16025,258112640.0,0.02
4380.0,198.84576,100.306244,258112640.0,0.02
4390.0,198.91515,102.376526,256420690.0,0.02
4390.0,200.59076,100.52167,256420690.0,0.02
4400.0,200.65639,102.47865,254831780.0,0.02
4400.0,202.32532,100.62598,254831780.0,0.02
4410.0,202.38718,102.46892,253349900.0,0.02
4410.0,204.0464,100.62138,253349900.0,0.02
4420.0,204.10448,102.3511,251975760.0,0.02
4420.0,205.75114,100.51156,251975760.0,0.02
4430.0,205.80553,102.13023,250706960.0,0.02
4430.0,207.43694,100.3014,250706960.0,0.02
4440.0,207.4877,101.81211,249538940.0,0.02
4440.0,209.10141,99.99653,249538940.0,0.02
4450.0,209.14868,101.402824,248465800.0,0.02
4450.0,210.7424,99.60287,248465800.0,0.02
4460.0,210.7863,100.90844,247481250.0,0.02
4460.0,212.37,99.13193,247481250.0,0.02
4470.0,212.41092,100.340706,246579180.0,0.02
4470.0,213.97267,98.58476,246579180.0,0.02
4480.0,214.01045,99.700356,245754000.0,0.02
4480.0,215.54652,97.96588,245754000.0,0.02
4490.0,215.58127,98.99202,245000290.0,0.02
4490.0,217.09006,97.280716,245000290.0,0.02
4500.0,217.1219,98.22098,244312960.0,0.02
4500.0,218.60197,96.5344,244312960.0,0.02
4510.0,218.63103,97.39224,243687180.0,0.02
4510.0,220.08105,95.7318,243687180.0,0.02
4520.0,220.10742,96.510506,243118500.0,0.02
4520.0,221.52623,94.877464,243118500.0,0.02
4530.0,221.55002,95.58012,242602800.0,0.02
4530.0,222.93654,93.97563,242602800.0,0.02
4540.0,222.95786,94.605125,242136300.0,0.02
4540.0,224.31113,93.03025,242136300.0,0.02
4550.0,224.33006,93.58931,241715460.0,0.02
4550.0,225.64922,92.04496,241715460.0,0.02
4560.0,225.66583,92.53613,241336960.0,0.02
4560.0,226.9501,91.023155,241336960.0,0.02
4570.0,226.9645,91.4486,241003700.0,0.02
4570.0,228.21317,89.967735,241003700.0,0.02
4580.0,228.22539,90.32921,240762160.0,0.02
4580.0,229.43782,88.881134,240762160.0,0.02
4590.0,229.44789,89.17857,240525950.0,0.02
4590.0,230.62343,87.763954,240525950.0,0.02
4600.0,230.63159,88.00512,240319940.0,0.02
4600.0,231.76988,86.62437,240319940.0,0.02
4610.0,231.7761,86.80834,240142670.0,0.02
4610.0,232.8767,85.46191,240142670.0,0.02
4620.0,232.88104,85.590324,239990900.0,0.02
4620.0,233.94357,84.27858,239990900.0,0.02
4630.0,233.94609,84.35298,239862660.0,0.02
4630.0,234.97026,83.07625,239862660.0,0.02
4640.0,234.971,83.0982,239756340.0,0.02
4640.0,235.9565,81.85676,239756340.0,0.02
4650.0,235.9555,81.82719,239670880.0,0.02
4650.0,236.9021,80.62128,239670880.0,0.02
4660.0,236.89941,80.54161,239604780.0,0.02
4660.0,237.80692,79.37142,239604780.0,0.02
4670.0,237.8026,79.2432,239556420.0,0.02
4670.0,238.67082,78.10888,239556420.0,0.02
4680.0,238.6649,77.93299,239524930.0,0.02
4680.0,239.49374,76.83464,239524930.0,0.02
4690.0,239.48627,76.612434,239509010.0,0.02
4690.0,240.2756,75.55013,239509010.0,0.02
4700.0,240.26663,75.283066,239507380.0,0.02
4700.0,241.01643,74.25685,239507380.0,0.02
4710.0,241.006,73.94625,239518910.0,0.02
4710.0,241.71626,72.956116,239518910.0,0.02
4720.0,241.7044,72.603294,239542580.0,0.02
4720.0,242.37514,71.64921,239542580.0,0.02
4730.0,242.36191,71.255455,239577390.0,0.02
4730.0,242.99318,70.33734,239577390.0,0.02
4740.0,242.97862,69.90394,239622500.0,0.02
4740.0,243.57051,69.02168,239622500.0,0.02
4750.0,243.55469,68.549934,239677010.0,0.02
4750.0,244.1073,67.703415,239677010.0,0.02
4760.0,244.09026,67.19463,239740110.0,0.02
4760.0,244.60376,66.383675,239740110.0,0.02
4770.0,244.58553,65.83922,239811040.0,0.02
4770.0,245.0601,65.06363,239811040.0,0.02
4780.0,245.04074,64.48488,239889090.0,0.02
4780.0,245.47661,63.744427,239889090.0,0.02
4790.0,245.45615,63.1328,239973520.0,0.02
4790.0,245.85356,62.427227,239973520.0,0.02
4800.0,245.83208,61.784164,240063710.0,0.02
4800.0,246.19131,61.113186,240063710.0,0.02
4810.0,246.16884,60.440155,240159020.0,0.02
4810.0,246.4902,59.80345,240159020.0,0.02
4820.0,246.4668,59.10195,240258880.0,0.02
4820.0,246.75064,58.499176,240258880.0,0.02
4830.0,246.72636,57.77077,240362780.0,0.02
4830.0,246.97304,57.201546,240362780.0,0.02
4840.0,246.94794,56.447754,240470140.0,0.02
4840.0,247.15787,55.911674,240470140.0,0.02
4850.0,247.13199,55.134045,240580480.0,0.02
4850.0,247.3056,54.630684,240580480.0,0.02
4860.0,247.279,53.830845,240693380.0,0.02
4860.0,247.41678,53.35974,240693380.0,0.02
4870.0,247.38951,52.539223,240808290.0,0.02
4870.0,247.49191,52.09989,240808290.0,0.02
4880.0,247.46404,51.26037,240924880.0,0.02
4880.0,247.53157,50.852295,240924880.0,0.02
4890.0,247.50316,49.995346,241042690.0,0.02
4890.0,247.53639,49.617992,241042690.0,0.02
4900.0,247.50746,48.74524,241161300.0,0.02
4900.0,247.50696,48.39804,241161300.0,0.02
4910.0,247.47758,47.511124,241280340.0,0.02
4910.0,247.44394,47.193497,241280340.0,0.02
4920.0,247.41418,46.29402,241399410.0,0.02
4920.0,247.348,46.00536,241399410.0,0.02
4930.0,247.31792,45.09492,241518200.0,0.02
4930.0,247.21985,44.83459,241518200.0,0.02
4940.0,247.18947,43.914814,241636320.0,0.02
4940.0,247.06018,43.682163,241636320.0,0.02
4950.0,247.02957,42.754597,241753470.0,0.02
4950.0,246.86975,42.548958,241753470.0,0.02
4960.0,246.83896,41.61517,241869400.0,0.02
4960.0,246.64928,41.435856,241869400.0,0.02
4970.0,246.61836,40.497417,241983780.0,0.02
4970.0,246.39957,40.34372,241983780.0,0.02
4980.0,246.36856,39.402077,242096450.0,0.02
4980.0,246.12138,39.273277,242096450.0,0.02
4990.0,246.09036,38.329956,242207170.0,0.02
4990.0,245.81554,38.225315,242207170.0,0.02
5000.0,245.78452,37.281723,242315800.0,0.02
5000.0,245.48282,37.200493,242315800.0,0.02
5010.0,245.45189,36.25856,242421820.0,0.02
5010.0,245.1241,36.19997,242421820.0,0.02
5020.0,245.0933,35.26133,242525280.0,0.02
5020.0,244.74023,35.22459,242525280.0,0.02
5030.0,244.70958,34.289577,242626660.0,0.02
5030.0,244.33202,34.273914,242626660.0,0.02
5040.0,244.30154,33.343822,242725660.0,0.02
5040.0,243.90028,33.348457,242725660.0,0.02
5050.0,243.87006,32.425343,242822000.0,0.02
5050.0,243.44592,32.44947,242822000.0,0.02
5060.0,243.41597,31.533659,242915630.0,0.02
5060.0,242.96976,31.576492,242915630.0,0.02
5070.0,242.94011,30.66965,243006450.0,0.02
5070.0,242.47266,30.730383,243006450.0,0.02
5080.0,242.44331,29.832357,243094430.0,0.02
5080.0,241.9554,29.910215,243094430.0,0.02
5090.0,241.92644,29.02306,243179470.0,0.02
5090.0,241.41887,29.117243,243179470.0,0.02
5100.0,241.39029,28.241,243261540.0,0.02
5100.0,240.86388,28.35073,243261540.0,0.02
5110.0,240.83571,27.486963,243340580.0,0.02
5110.0,240.29126,27.611454,243340580.0,0.02
5120.0,240.26352,26.760424,243416560.0,0.02
5120.0,239.70181,26.898903,243416560.0,0.02
5130.0,239.67453,26.06124,243489470.0,0.02
5130.0,239.09634,26.212942,243489470.0,0.02
5140.0,239.06955,25.38961,243559310.0,0.02
5140.0,238.47568,25.55378,243559310.0,0.02
5150.0,238.44939,24.745354,243626080.0,0.02
5150.0,237.84058,24.921238,243626080.0,0.02
5160.0,237.8148,24.128523,243689800.0,0.02
5160.0,237.19183,24.315374,243689800.0,0.02
5170.0,237.16661,23.538925,243750460.0,0.02
5170.0,236.53024,23.736008,243750460.0,0.02
5180.0,236.50558,22.976364,243808180.0,0.02
5180.0,235.85657,23.182953,243808180.0,0.02
5190.0,235.83247,22.440603,243862940.0,0.02
5190.0,235.17154,22.655981,243862940.0,0.02
5200.0,235.14804,21.931255,243914860.0,0.02
5200.0,234.47592,22.154724,243914860.0,0.02
5210.0,234.45302,21.448013,243963970.0,0.02
5210.0,233.77042,21.678886,243963970.0,0.02
5220.0,233.74811,20.990389,244010340.0,0.02
5220.0,233.05573,21.227995,244010340.0,0.02
5230.0,233.03403,20.55803,244054020.0,0.02
5230.0,232.33255,20.801714,244054020.0,0.02
5240.0,232.31146,20.150381,244095100.0,0.02
5240.0,231.60155,20.399506,244095100.0,0.02
5250.0,231.58109,19.766907,244133630.0,0.02
5250.0,230.86336,20.020851,244133630.0,0.02
5260.0,230.8435,19.406942,244169660.0,0.02
5260.0,230.11862,19.665108,244169660.0,0.02
5270.0,230.0994,19.070004,244203280.0,0.02
5270.0,229.36795,19.33181,244203280.0,0.02
5280.0,229.34933,18.755577,244234530.0,0.02
5280.0,228.61194,19.020458,244234530.0,0.02
5290.0,228.59392,18.462944,244263500.0,0.02
5290.0,227.85114,18.730356,244263500.0,0.02
5300.0,227.83374,18.191555,244290270.0,0.02
5300.0,227.0861,18.460974,244290270.0,0.02
5310.0,227.06932,17.940943,244314900.0,0.02
5310.0,226.31741,18.211857,244314900.0,0.02
5320.0,226.30124,17.710571,244337460.0,0.02
5320.0,225.54556,17.982487,244337460.0,0.02
5330.0,225.52997,17.499245,244358060.0,0.02
5330.0,224.77103,17.771704,244358060.0,0.02
5340.0,224.75603,17.30671,244376780.0,0.02
5340.0,223.9943,17.57926,244376780.0,0.02
5350.0,223.97989,17.132406,244393700.0,0.02
5350.0,223.21585,17.404613,244393700.0,0.02
5360.0,223.20201,16.975332,244408910.0,0.02
5360.0,222.4361,17.246792,244408910.0,0.02
5370.0,222.42282,16.834826,244422530.0,0.02
5370.0,221.65546,17.105148,244422530.0,0.02
5380.0,221.64273,16.710379,244434620.0,0.02
5380.0,220.87433,16.979195,244434620.0,0.02
5390.0,220.86215,16.601242,244445280.0,0.02
5390.0,220.0931,16.868202,244445280.0,0.02
5400.0,220.08145,16.506552,244454610.0,0.02
5400.0,219.31212,16.771328,244454610.0,0.02
5410.0,219.301,16.4258,244462700.0,0.02
5410.0,218.53172,16.688082,244462700.0,0.02
5420.0,218.52112,16.358345,244469630.0,0.02
5420.0,217.75224,16.61784,244469630.0,0.02
5430.0,217.74213,16.303307,244475440.0,0.02
5430.0,216.97398,16.559742,244475440.0,0.02
5440.0,216.96434,16.260162,244480240.0,0.02
5440.0,216.19722,16.513283,244480240.0,0.02
5450.0,216.18805,16.228292,244484110.0,0.02
5450.0,215.42223,16.477861,244484110.0,0.02
5460.0,215.41351,16.206951,244487070.0,0.02
5460.0,214.64925,16.452747,244487070.0,0.02
5470.0,214.64098,16.195522,244489220.0,0.02
5470.0,213.87854,16.437347,244489220.0,0.02
5480.0,213.87068,16.193434,244490610.0,0.02
5480.0,213.11029,16.431099,244490610.0,0.02
5490.0,213.10286,16.200052,244491310.0,0.02
5490.0,212.34473,16.43339,244491310.0,0.02
5500.0,212.33769,16.214743,244491360.0,0.02
5500.0,211.58202,16.4436,244491360.0,0.02
5510.0,211.57538,16.236963,244490830.0,0.02
5510.0,210.82236,16.4612,244490830.0,0.02
5520.0,210.81607,16.265982,244489810.0,0.02
5520.0,210.06587,16.485481,244489810.0,0.02
5530.0,210.05992,16.300383,244488430.0,0.02
5530.0,209.31267,16.51506,244488430.0,0.02
5540.0,209.30707,16.34095,244486610.0,0.02
5540.0,208.56293,16.550703,244486610.0,0.02
5550.0,208.5577,16.387583,244484340.0,0.02
5550.0,207.8168,16.59231,244484340.0,0.02
5560.0,207.81184,16.438005,244481900.0,0.02
5560.0,207.07431,16.637667,244481900.0,0.02
5570.0,207.06966,16.492743,244479200.0,0.02
5570.0,206.33559,16.687279,244479200.0,0.02
5580.0,206.33124,16.552076,244476220.0,0.02
5580.0,205.60074,16.741426,244476220.0,0.02
5590.0,205.59666,16.614708,244473070.0,0.02
5590.0,204.86984,16.798841,244473070.0,0.02
5600.0,204.86601,16.679697,244469860.0,0.02
5600.0,204.1429,16.85861,244469860.0,0.02
5610.0,204.13934,16.747917,244466480.0,0.02
5610.0,203.42003,16.921577,244466480.0,0.02
5620.0,203.41673,16.81892,244462980.0,0.02
5620.0,202.70131,16.98731,244462980.0,0.02
5630.0,202.6982,16.890608,244459520.0,0.02
5630.0,201.98666,17.053764,244459520.0,0.02
5640.0,201.98378,16.964273,244456000.0,0.02
5640.0,201.2762,17.122196,244456000.0,0.02
5650.0,201.27356,17.039917,244452430.0,0.02
5650.0,200.56998,17.192608,244452430.0,0.02
5660.0,200.56752,17.116133,244448880.0,0.02
5660.0,199.86795,17.263628,244448880.0,0.02
5670.0,199.86568,17.192944,244445360.0,0.02
5670.0,199.17017,17.33528,244445360.0,0.02
5680.0,199.16808,17.270214,244441890.0,0.02
5680.0,198.47661,17.407425,244441890.0,0.02
5690.0,198.47469,17.34757,244438460.0,0.02
5690.0,197.78728,17.479708,244438460.0,0.02
5700.0,197.7855,17.424656,244435100.0,0.02
5700.0,197.10217,17.551773,244435100.0,0.02
5710.0,197.10056,17.50123,244431860.0,0.02
5710.0,196.42126,17.623386,244431860.0,0.02
5720.0,196.41978,17.577032,244428700.0,0.02
5720.0,195.74454,17.694298,244428700.0,0.02
5730.0,195.74318,17.651907,244425660.0,0.02
5730.0,195.07196,17.764349,244425660.0,0.02
5740.0,195.07071,17.725554,244422750.0,0.02
5740.0,194.4035,17.833248,244422750.0,0.02
5750.0,194.40236,17.797728,244419980.0,0.02
5750.0,193.73912,17.900759,244419980.0,0.02
5760.0,193.73808,17.868425,244417360.0,0.02
5760.0,193.07878,17.966873,244417360.0,0.02
5770.0,193.07784,17.93739,244414860.0,0.02
5770.0,192.42244,18.031343,244414860.0,0.02
5780.0,192.42157,18.004423,244412540.0,0.02
5780.0,191.77005,18.093971,244412540.0,0.02
5790.0,191.76926,18.069468,244410400.0,0.02
5790.0,191.12157,18.154703,244410400.0,0.02
5800.0,191.12085,18.132439,244408400.0,0.02
5800.0,190.47694,18.213455,244408400.0,0.02
5810.0,190.47629,18.19315,244406560.0,0.02
5810.0,189.83612,18.270042,244406560.0,0.02
5820.0,189.83553,18.25136,244404910.0,0.02
5820.0,189.19904,18.324234,244404910.0,0.02
5830.0,189.19849,18.306877,244403420.0,0.02
5830.0,188.56563,18.375835,244403420.0,0.02
5840.0,188.56512,18.36007,244402100.0,0.02
5840.0,187.93584,18.42521,244402100.0,0.02
5850.0,187.9354,18.411032,244400930.0,0.02
5850.0,187.30965,18.472448,244400930.0,0.02
5860.0,187.30922,18.458912,244399920.0,0.02
5860.0,186.68695,18.516716,244399920.0,0.02
5870.0,186.68655,18.504286,244399090.0,0.02
5870.0,186.0677,18.558577,244399090.0,0.02
5880.0,186.06735,18.54728,244398400.0,0.02
5880.0,185.45187,18.59815,244398400.0,0.02
5890.0,185.45154,18.587452,244397870.0,0.02
5890.0,184.83939,18.635008,244397870.0,0.02
5900.0,184.83905,18.624815,244397490.0,0.02
5900.0,184.23016,18.669157,244397490.0,0.02
5910.0,184.22986,18.659685,244397260.0,0.02
5910.0,183.62416,18.700909,244397260.0,0.02
5920.0,183.62387,18.69194,244397200.0,0.02
5920.0,183.02135,18.730143,244397200.0,0.02
5930.0,183.02106,18.72122,244397280.0,0.02
5930.0,182.42162,18.756506,244397280.0,0.02
5940.0,182.42134,18.747944,244397520.0,0.02
5940.0,181.82494,18.780407,244397520.0,0.02
5950.0,181.82468,18.772205,244397900.0,0.02
5950.0,181.23126,18.801935,244397900.0,0.02
5960.0,181.231,18.793703,244398430.0,0.02
5960.0,180.64053,18.820795,244398430.0,0.02
5970.0,180.64026,18.812616,244399100.0,0.02
5970.0,180.05267,18.837166,244399100.0,0.02
5980.0,180.05241,18.82897,244399940.0,0.02
5980.0,179.46765,18.851065,244399940.0,0.02
5990.0,179.46739,18.842777,244400900.0,0.02
5990.0,178.8854,18.862509,244400900.0,0.02
6000.0,178.88515,18.854061,244402000.0,0.02
6000.0,178.3059,18.871515,244402000.0,0.02
6010.0,178.30562,18.862835,244403230.0,0.02
6010.0,177.72905,18.878101,244403230.0,0.02
6020.0,177.72876,18.869156,244404600.0,0.02
6020.0,177.15482,18.882317,244404600.0,0.02
6030.0,177.15453,18.87309,244406110.0,0.02
6030.0,176.58316,18.884232,244406110.0,0.02
6040.0,176.58286,18.874617,244407740.0,0.02
6040.0,176.01402,18.883818,244407740.0,0.02
6050.0,176.0137,18.873749,244409490.0,0.02
6050.0,175.44736,18.881092,244409490.0,0.02
6060.0,175.44702,18.870508,244411360.0,0.02
6060.0,174.88312,18.876074,244411360.0,0.02
6070.0,174.88277,18.86491,244413340.0,0.02
6070.0,174.32124,18.868778,244413340.0,0.02
6080.0,174.32086,18.856972,244415460.0,0.02
6080.0,173.76169,18.859219,244415460.0,0.02
6090.0,173.76129,18.8471,244417650.0,0.02
6090.0,173.20442,18.847794,244417650.0,0.02
6100.0,173.20401,18.835238,244419950.0,0.02
6100.0,172.6494,18.834448,244419950.0,0.02
6110.0,172.64899,18.821316,244422340.0,0.02
6110.0,172.0966,18.81911,244422340.0,0.02
6120.0,172.09616,18.805368,244424830.0,0.02
6120.0,171.54594,18.801817,244424830.0,0.02
6130.0,171.54549,18.787434,244427400.0,0.02
6130.0,170.99742,18.782602,244427400.0,0.02
6140.0,170.99695,18.767542,244430060.0,0.02
6140.0,170.45099,18.761496,244430060.0,0.02
6150.0,170.45049,18.745771,244432800.0,0.02
6150.0,169.90659,18.738573,244432800.0,0.02
6160.0,169.90607,18.722559,244435580.0,0.02
6160.0,169.36421,18.714258,244435580.0,0.02
6170.0,169.36368,18.697674,244438450.0,0.02
6170.0,168.82384,18.688328,244438450.0,0.02
6180.0,168.82329,18.671164,244441360.0,0.02
6180.0,168.28542,18.66083,244441360.0,0.02
6190.0,168.28484,18.643082,244444340.0,0.02
6190.0,167.74892,18.63181,244444340.0,0.02
6200.0,167.74832,18.61347,244447340.0,0.02
6200.0,167.21431,18.601313,244447340.0,0.02
6210.0,167.2137,18.582375,244450420.0,0.02
6210.0,166.68156,18.569384,244450420.0,0.02
6220.0,166.68094,18.549969,244453520.0,0.02
6220.0,166.15067,18.536188,244453520.0,0.02
6230.0,166.15004,18.516394,244456640.0,0.02
6230.0,165.6216,18.501865,244456640.0,0.02
6240.0,165.62094,18.481586,244459800.0,0.02
6240.0,165.09431,18.466352,244459800.0,0.02
6250.0,165.09366,18.445602,244462990.0,0.02
6250.0,164.56882,18.429703,244462990.0,0.02
6260.0,164.56815,18.40849,244466180.0,0.02
6260.0,164.04507,18.391964,244466180.0,0.02
6270.0,164.04437,18.370296,244469390.0,0.02
6270.0,163.52306,18.353184,244469390.0,0.02
6280.0,163.52235,18.331074,244472600.0,0.02
6280.0,163.00276,18.31341,244472600.0,0.02
6290.0,163.00204,18.290989,244475820.0,0.02
6290.0,162.48416,18.272806,244475820.0,0.02
6300.0,162.48343,18.250044,244479060.0,0.02
6300.0,161.96724,18.231373,244479060.0,0.02
6310.0,161.96649,18.208267,244482270.0,0.02
6310.0,161.45198,18.189138,244482270.0,0.02
6320.0,161.45123,18.16571,244485490.0,0.02
6320.0,160.93839,18.146152,244485490.0,0.02
6330.0,160.93762,18.122417,244488690.0,0.02
6330.0,160.42642,18.102457,244488690.0,0.02
6340.0,160.42566,18.078436,244491860.0,0.02
6340.0,159.91609,18.0581,244491860.0,0.02
6350.0,159.91531,18.033817,244495000.0,0.02
6350.0,159.40736,18.01313,244495000.0,0.02
6360.0,159.40659,17.988638,244498160.0,0.02
6360.0,158.90025,17.967623,244498160.0,0.02
6370.0,158.89946,17.942919,244501280.0,0.02
6370.0,158.39473,17.921597,244501280.0,0.02
6380.0,158.39392,17.8967,244504370.0,0.02
6380.0,157.8908,17.87509,244504370.0,0.02
6390.0,157.88998,17.850023,244507420.0,0.02
6390.0,157.38841,17.828146,244507420.0,0.02
6400.0,157.3876,17.802929,244510450.0,0.02
6400.0,156.88762,17.780802,244510450.0,0.02
6410.0,156.88681,17.755455,244513440.0,0.02
6410.0,156.38838,17.733097,244513440.0,0.02
6420.0,156.38756,17.707634,244516380.0,0.02
6420.0,155.89069,17.685059,244516380.0,0.02
6430.0,155.88986,17.659498,244519310.0,0.02
6430.0,155.39455,17.63672,244519310.0,0.02
6440.0,155.39372,17.611086,244522190.0,0.02
6440.0,154.89995,17.588121,244522190.0,0.02
6450.0,154.89912,17.56243,244525040.0,0.02
6450.0,154.40688,17.53929,244525040.0,0.02
6460.0,154.40605,17.51356,244527860.0,0.02
6460.0,153.91534,17.490257,244527860.0,0.02
6470.0,153.9145,17.46451,244530620.0,0.02
6470.0,153.42532,17.441057,244530620.0,0.02
6480.0,153.4245,17.41531,244533340.0,0.02
6480.0,152.93683,17.391714,244533340.0,0.02
6490.0,152.936,17.365957,244536050.0,0.02
6490.0,152.44986,17.34223,244536050.0,0.02
6500.0,152.44904,17.316492,244538700.0,0.02
6500.0,151.9644,17.292643,244538700.0,0.02
6510.0,151.96358,17.26694,244541340.0,0.02
6510.0,151.48045,17.242975,244541340.0,0.02
6520.0,151.47963,17.217321,244543940.0,0.02
6520.0,150.998,17.19325,244543940.0,0.02
6530.0,150.99718,17.16766,244546500.0,0.02
6530.0,150.51707,17.14349,244546500.0,0.02
6540.0,150.51625,17.117975,244549040.0,0.02
6540.0,150.03763,17.093712,244549040.0,0.02
6550.0,150.03682,17.068281,244551540.0,0.02
6550.0,149.5597,17.04393,244551540.0,0.02
6560.0,149.55888,17.018583,244554020.0,0.02
6560.0,149.08325,16.994152,244554020.0,0.02
6570.0,149.08244,16.968908,244556460.0,0.02
6570.0,148.60832,16.944399,244556460.0,0.02
6580.0,148.60751,16.919266,244558900.0,0.02
6580.0,148.13487,16.894686,244558900.0,0.02
6590.0,148.13406,16.869673,244561300.0,0.02
6590.0,147.66292,16.845026,244561300.0,0.02
6600.0,147.66211,16.820139,244563700.0,0.02
6600.0,147.19244,16.79543,244563700.0,0.02
6610.0,147.19165,16.770678,244566060.0,0.02
6610.0,146.72346,16.745905,244566060.0,0.02
6620.0,146.72267,16.721283,244568400.0,0.02
6620.0,146.25598,16.696455,244568400.0,0.02
6630.0,146.25519,16.67197,244570720.0,0.02
6630.0,145.78996,16.647089,244570720.0,0.02
6640.0,145.78918,16.622757,244573020.0,0.02
6640.0,145.32544,16.597826,244573020.0,0.02
6650.0,145.32466,16.573654,244575310.0,0.02
6650.0,144.8624,16.548676,244575310.0,0.02
6660.0,144.86163,16.52467,244577570.0,0.02
6660.0,144.40083,16.499645,244577570.0,0.02
6670.0,144.40007,16.475819,244579800.0,0.02
6670.0,143.94075,16.450748,244579800.0,0.02
6680.0,143.94,16.427103,244582050.0,0.02
6680.0,143.48215,16.401993,244582050.0,0.02
6690.0,143.4814,16.378502,244584240.0,0.02
6690.0,143.02502,16.353352,244584240.0,0.02
6700.0,143.02428,16.330044,244586420.0,0.02
6700.0,142.56937,16.304853,244586420.0,0.02
6710.0,142.56862,16.281736,244588580.0,0.02
6710.0,142.11517,16.256508,244588580.0,0.02
6720.0,142.11444,16.233587,244590700.0,0.02
6720.0,141.66246,16.20832,244590700.0,0.02
6730.0,141.66174,16.1856,244592830.0,0.02
6730.0,141.21123,16.1603,244592830.0,0.02
6740.0,141.2105,16.137787,244594910.0,0.02
6740.0,140.76146,16.11245,244594910.0,0.02
6750.0,140.76074,16.090136,244597000.0,0.02
6750.0,140.31314,16.064764,244597000.0,0.02
6760.0,140.31244,16.042635,244599020.0,0.02
6760.0,139.8663,16.01723,244599020.0,0.02
6770.0,139.8656,15.995308,244601040.0,0.02
6770.0,139.42093,15.969869,244601040.0,0.02
6780.0,139.42023,15.948158,244603040.0,0.02
6780.0,138.97702,15.922686,244603040.0,0.02
6790.0,138.97632,15.901189,244605010.0,0.02
6790.0,138.53456,15.875684,244605010.0,0.02
6800.0,138.53387,15.854404,244606940.0,0.02
6800.0,138.09357,15.828866,244606940.0,0.02
6810.0,138.09288,15.807808,244608860.0,0.02
6810.0,137.65402,15.782236,244608860.0,0.02
6820.0,137.65335,15.761377,244610750.0,0.02
6820.0,137.21594,15.735773,244610750.0,0.02
6830.0,137.21527,15.715121,244612600.0,0.02
6830.0,136.77931,15.689485,244612600.0,0.02
6840.0,136.77866,15.669048,244614450.0,0.02
6840.0,136.34413,15.643379,244614450.0,0.02
6850.0,136.34348,15.62316,244616260.0,0.02
6850.0,135.9104,15.597459,244616260.0,0.02
6860.0,135.90974,15.577458,244618030.0,0.02
6860.0,135.4781,15.551724,244618030.0,0.02
6870.0,135.47748,15.531944,244619780.0,0.02
6870.0,135.04727,15.506177,244619780.0,0.02
6880.0,135.04663,15.486616,244621490.0,0.02
6880.0,134.61786,15.460816,244621490.0,0.02
6890.0,134.61725,15.44145,244623180.0,0.02
6890.0,134.18991,15.415618,244623180.0,0.02
6900.0,134.18929,15.396463,244624850.0,0.02
6900.0,133.76338,15.370599,244624850.0,0.02
6910.0,133.76277,15.351657,244626480.0,0.02
6910.0,133.33829,15.325759,244626480.0,0.02
6920.0,133.33769,15.30703,244628100.0,0.02
6920.0,132.91463,15.281098,244628100.0,0.02
6930.0,132.91403,15.262582,244629660.0,0.02
6930.0,132.4924,15.236618,244629660.0,0.02
6940.0,132.4918,15.218312,244631220.0,0.02
6940.0,132.0716,15.192316,244631220.0,0.02
6950.0,132.07101,15.174215,244632750.0,0.02
6950.0,131.65222,15.148186,244632750.0,0.02
6960.0,131.65164,15.130283,244634240.0,0.02
6960.0,131.23425,15.104221,244634240.0,0.02
6970.0,131.23369,15.086521,244635730.0,0.02
6970.0,130.8177,15.060426,244635730.0,0.02
6980.0,130.81715,15.042925,244637170.0,0.02
6980.0,130.40257,15.016797,244637170.0,0.02
6990.0,130.40202,14.999494,244638610.0,0.02
6990.0,129.98886,14.973333,244638610.0,0.02
7000.0,129.98831,14.956224,244640000.0,0.02
7000.0,129.57654,14.930033,244640000.0,0.02
7010.0,129.576,14.9131155,244641390.0,0.02
7010.0,129.16563,14.886891,244641390.0,0.02
7020.0,129.16508,14.870164,244642750.0,0.02
7020.0,128.75612,14.843908,244642750.0,0.02
7030.0,128.75558,14.827367,244644110.0,0.02
7030.0,128.34799,14.80108,244644110.0,0.02
7040.0,128.34747,14.784721,244645440.0,0.02
7040.0,127.94128,14.758403,244645440.0,0.02
7050.0,127.94076,14.742224,244646750.0,0.02
7050.0,127.53594,14.715876,244646750.0,0.02
7060.0,127.53542,14.699873,244648060.0,0.02
7060.0,127.13199,14.673494,244648060.0,0.02
7070.0,127.13148,14.657663,244649340.0,0.02
7070.0,126.729416,14.631256,244649340.0,0.02
7080.0,126.72891,14.615595,244650640.0,0.02
7080.0,126.32822,14.589159,244650640.0,0.02
7090.0,126.32772,14.57367,244651900.0,0.02
7090.0,125.9284,14.547206,244651900.0,0.02
7100.0,125.9279,14.531883,244653170.0,0.02
7100.0,125.529945,14.50539,244653170.0,0.02
7110.0,125.52946,14.49023,244654430.0,0.02
7110.0,125.13285,14.46371,244654430.0,0.02
7120.0,125.13237,14.448708,244655680.0,0.02
7120.0,124.73712,14.422162,244655680.0,0.02
7130.0,124.73664,14.407314,244656930.0,0.02
7130.0,124.34274,14.380743,244656930.0,0.02
7140.0,124.34227,14.366047,244658180.0,0.02
7140.0,123.949715,14.339452,244658180.0,0.02
7150.0,123.94925,14.324908,244659410.0,0.02
7150.0,123.55804,14.298289,244659410.0,0.02
7160.0,123.55758,14.283898,244660640.0,0.02
7160.0,123.1677,14.2572565,244660640.0,0.02
7170.0,123.167244,14.243012,244661870.0,0.02
7170.0,122.7787,14.216348,244661870.0,0.02
7180.0,122.77825,14.202248,244663090.0,0.02
7180.0,122.39104,14.175561,244663090.0,0.02
7190.0,122.39059,14.161602,244664300.0,0.02
7190.0,122.0047,14.134895,244664300.0,0.02
7200.0,122.00425,14.121074,244665540.0,0.02
7200.0,121.61968,14.094348,244665540.0,0.02
7210.0,121.61924,14.080662,244666750.0,0.02
7210.0,121.235985,14.053918,244666750.0,0.02
7220.0,121.23555,14.040349,244667950.0,0.02
7220.0,120.85361,14.013587,244667950.0,0.02
7230.0,120.85317,14.000151,244669150.0,0.02
7230.0,120.472534,13.973372,244669150.0,0.02
7240.0,120.47211,13.960069,244670340.0,0.02
7240.0,120.092766,13.933275,244670340.0,0.02
7250.0,120.09235,13.920106,244671520.0,0.02
7250.0,119.7143,13.893297,244671520.0,0.02
7260.0,119.71388,13.88026,244672700.0,0.02
7260.0,119.33713,13.853438,244672700.0,0.02
7270.0,119.336716,13.840535,244673870.0,0.02
7270.0,118.96125,13.8137,244673870.0,0.02
7280.0,118.960846,13.801157,244675000.0,0.02
7280.0,118.58667,13.774303,244675000.0,0.02
7290.0,118.58629,13.762324,244676100.0,0.02
7290.0,118.21341,13.735442,244676100.0,0.02
7300.0,118.21303,13.723464,244677180.0,0.02
7300.0,117.84144,13.696558,244677180.0,0.02
7310.0,117.84106,13.684579,244678270.0,0.02
7310.0,117.47075,13.657653,244678270.0,0.02
7320.0,117.47036,13.645675,244679360.0,0.02
7320.0,117.101326,13.618733,244679360.0,0.02
7330.0,117.10094,13.606754,244680450.0,0.02
7330.0,116.73316,13.5798025,244680450.0,0.02
7340.0,116.73278,13.567824,244681540.0,0.02
7340.0,116.36626,13.540865,244681540.0,0.02
7350.0,116.36589,13.529361,244682580.0,0.02
7350.0,116.00063,13.502386,244682580.0,0.02
7360.0,116.00027,13.491117,244683580.0,0.02
7360.0,115.63627,13.464125,244683580.0,0.02
7370.0,115.63591,13.452855,244684590.0,0.02
7370.0,115.273155,13.42585,244684590.0,0.02
7380.0,115.2728,13.41458,244685600.0,0.02
7380.0,114.91129,13.387566,244685600.0,0.02
7390.0,114.91093,13.376296,244686610.0,0.02
7390.0,114.55066,13.349276,244686610.0,0.02
7400.0,114.55029,13.338007,244687620.0,0.02
7400.0,114.19125,13.310985,244687620.0,0.02
7410.0,114.19089,13.299737,244688620.0,0.02
7410.0,113.83306,13.272716,244688620.0,0.02
7420.0,113.832726,13.262102,244689570.0,0.02
7420.0,113.476135,13.235069,244689570.0,0.02
7430.0,113.47579,13.224457,244690510.0,0.02
7430.0,113.12042,13.197415,244690510.0,0.02
7440.0,113.12008,13.186803,244691440.0,0.02
7440.0,112.76593,13.159758,244691440.0,0.02
7450.0,112.76559,13.149144,244692380.0,0.02
7450.0,112.41264,13.122099,244692380.0,0.02
7460.0,112.4123,13.1114855,244693330.0,0.02
7460.0,112.060555,13.084443,244693330.0,0.02
7470.0,112.06022,13.07383,244694260.0,0.02
7470.0,111.70966,13.046794,244694260.0,0.02
7480.0,111.709335,13.0366335,244695150.0,0.02
7480.0,111.359985,13.009595,244695150.0,0.02
7490.0,111.35968,13.000119,244696000.0,0.02
7490.0,111.01154,12.973064,244696000.0,0.02
7500.0,111.01124,12.963589,244696830.0,0.02
7500.0,110.6643,12.936522,244696830.0,0.02
7510.0,110.663994,12.927046,244697660.0,0.02
7510.0,110.31825,12.899971,244697660.0,0.02
7520.0,110.31795,12.890494,244698510.0,0.02
7520.0,109.9734,12.863415,244698510.0,0.02
7530.0,109.97309,12.853939,244699340.0,0.02
7530.0,109.629715,12.826857,244699340.0,0.02
7540.0,109.62941,12.817381,244700180.0,0.02
7540.0,109.28721,12.790301,244700180.0,0.02
7550.0,109.2869,12.780826,244701010.0,0.02
7550.0,108.94586,12.753751,244701010.0,0.02
7560.0,108.94556,12.744275,244701860.0,0.02
7560.0,108.605675,12.717209,244701860.0,0.02
7570.0,108.60537,12.707733,244702690.0,0.02
7570.0,108.26664,12.680678,244702690.0,0.02
7580.0,108.266335,12.671202,244703520.0,0.02
7580.0,107.92875,12.644161,244703520.0,0.02
7590.0,107.928444,12.6346855,244704370.0,0.02
7590.0,107.591995,12.607662,244704370.0,0.02
7600.0,107.59169,12.5981865,244705200.0,0.02
7600.0,107.25637,12.571183,244705200.0,0.02
7610.0,107.25607,12.561834,244706020.0,0.02
7610.0,106.92188,12.53485,244706020.0,0.02
7620.0,106.921616,12.526375,244706780.0,0.02
7620.0,106.58857,12.499391,244706780.0,0.02
7630.0,106.5883,12.490915,244707540.0,0.02
7630.0,106.2564,12.463933,244707540.0,0.02
7640.0,106.25613,12.455459,244708290.0,0.02
7640.0,105.92536,12.428482,244708290.0,0.02
7650.0,105.925095,12.420008,244709040.0,0.02
7650.0,105.59545,12.39304,244709040.0,0.02
7660.0,105.59518,12.384565,244709800.0,0.02
7660.0,105.266655,12.35761,244709800.0,0.02
7670.0,105.26639,12.349134,244710540.0,0.02
7670.0,104.93897,12.322194,244710540.0,0.02
7680.0,104.938705,12.313719,244711300.0,0.02
7680.0,104.6124,12.286796,244711300.0,0.02
7690.0,104.61213,12.27832,244712050.0,0.02
7690.0,104.28692,12.251416,244712050.0,0.02
7700.0,104.28665,12.242942,244712800.0,0.02
7700.0,103.96254,12.216061,244712800.0,0.02
7710.0,103.962265,12.207585,244713550.0,0.02
7710.0,103.63924,12.180729,244713550.0,0.02
7720.0,103.63897,12.172254,244714300.0,0.02
7720.0,103.317024,12.145425,244714300.0,0.02
7730.0,103.31675,12.13695,244715060.0,0.02
7730.0,102.99588,12.110149,244715060.0,0.02
7740.0,102.99561,12.101675,244715800.0,0.02
7740.0,102.67581,12.074906,244715800.0,0.02
7750.0,102.67556,12.067195,244716500.0,0.02
7750.0,102.35685,12.0404415,244716500.0,0.02
7760.0,102.356606,12.032858,244717180.0,0.02
7760.0,102.03898,12.006118,244717180.0,0.02
7770.0,102.038734,11.998535,244717860.0,0.02
7770.0,101.722176,11.97181,244717860.0,0.02
7780.0,101.72193,11.964228,244718540.0,0.02
7780.0,101.40645,11.937522,244718540.0,0.02
7790.0,101.406204,11.929939,244719220.0,0.02
7790.0,101.09179,11.9032545,244719220.0,0.02
7800.0,101.091545,11.895672,244719890.0,0.02
7800.0,100.778175,11.869011,244719890.0,0.02
7810.0,100.77794,11.861427,244720580.0,0.02
7810.0,100.46562,11.834792,244720580.0,0.02
7820.0,100.46538,11.827209,244721250.0,0.02
7820.0,100.154106,11.800603,244721250.0,0.02
7830.0,100.15387,11.793019,244721920.0,0.02
7830.0,99.843636,11.766442,244721920.0,0.02
7840.0,99.84339,11.75886,244722610.0,0.02
7840.0,99.534195,11.732315,244722610.0,0.02
7850.0,99.53395,11.724732,244723280.0,0.02
7850.0,99.225784,11.698221,244723280.0,0.02
7860.0,99.22554,11.690639,244723950.0,0.02
7860.0,98.918396,11.664164,244723950.0,0.02
7870.0,98.91815,11.656581,244724640.0,0.02
7870.0,98.61202,11.630144,244724640.0,0.02
7880.0,98.61181,11.62341,244725250.0,0.02
7880.0,98.30672,11.596992,244725250.0,0.02
7890.0,98.30652,11.590859,244725800.0,0.02
7890.0,98.00248,11.5644455,244725800.0,0.02
7900.0,98.00228,11.558314,244726340.0,0.02
7900.0,97.69928,11.531908,244726340.0,0.02
7910.0,97.69909,11.525777,244726880.0,0.02
7910.0,97.39712,11.49938,244726880.0,0.02
7920.0,97.39692,11.493249,244727440.0,0.02
7920.0,97.09598,11.466866,244727440.0,0.02
7930.0,97.09578,11.460734,244727980.0,0.02
7930.0,96.79586,11.434366,244727980.0,0.02
7940.0,96.79566,11.428235,244728530.0,0.02
7940.0,96.49676,11.401885,244728530.0,0.02
7950.0,96.49656,11.395754,244729090.0,0.02
7950.0,96.19866,11.369424,244729090.0,0.02
7960.0,96.19846,11.363293,244729630.0,0.02
7960.0,95.901566,11.336985,244729630.0,0.02
7970.0,95.90137,11.330853,244730180.0,0.02
7970.0,95.60547,11.304571,244730180.0,0.02
7980.0,95.60527,11.298439,244730720.0,0.02
7980.0,95.310356,11.272183,244730720.0,0.02
7990.0,95.31016,11.266051,244731280.0,0.02
7990.0,95.016235,11.239824,244731280.0,0.02
8000.0,95.01604,11.233692,244731820.0,0.02
8000.0,94.72309,11.207496,244731820.0,0.02
8010.0,94.72289,11.201364,244732370.0,0.02
8010.0,94.43092,11.1751995,244732370.0,0.02
8020.0,94.430725,11.169068,244732930.0,0.02
8020.0,94.13972,11.142938,244732930.0,0.02
8030.0,94.13953,11.1368065,244733470.0,0.02
8030.0,93.84948,11.110712,244733470.0,0.02
8040.0,93.84929,11.104581,244734020.0,0.02
8040.0,93.5602,11.078525,244734020.0,0.02
8050.0,93.56001,11.072392,244734560.0,0.02
8050.0,93.27188,11.046375,244734560.0,0.02
8060.0,93.27169,11.040244,244735120.0,0.02
8060.0,92.98451,11.014267,244735120.0,0.02
8070.0,92.984314,11.008136,244735660.0,0.02
8070.0,92.69808,10.982202,244735660.0,0.02
8080.0,92.69788,10.97607,244736210.0,0.02
8080.0,92.4126,10.95018,244736210.0,0.02
8090.0,92.4124,10.944048,244736770.0,0.02
8090.0,92.128044,10.918203,244736770.0,0.02
8100.0,92.127846,10.912071,244737310.0,0.02
8100.0,91.84442,10.886272,244737310.0,0.02
8110.0,91.84422,10.880141,244737860.0,0.02
8110.0,91.56173,10.85439,244737860.0,0.02
8120.0,91.56153,10.848258,244738400.0,0.02
8120.0,91.27996,10.8225565,244738400.0,0.02
8130.0,91.27976,10.816424,244738960.0,0.02
8130.0,90.99911,10.790772,244738960.0,0.02
8140.0,90.99891,10.784691,244739500.0,0.02
8140.0,90.71917,10.759089,244739500.0,0.02
8150.0,90.71901,10.754138,244739940.0,0.02
8150.0,90.440216,10.728558,244739940.0,0.02
8160.0,90.440056,10.723606,244740380.0,0.02
8160.0,90.16219,10.6980505,244740380.0,0.02
8170.0,90.16203,10.693099,244740830.0,0.02
8170.0,89.88511,10.66757,244740830.0,0.02
8180.0,89.88495,10.662618,244741260.0,0.02
8180.0,89.60895,10.637116,244741260.0,0.02
8190.0,89.60879,10.632165,244741710.0,0.02
8190.0,89.33371,10.606693,244741710.0,0.02
8200.0,89.33355,10.601741,244742160.0,0.02
8200.0,89.05938,10.576301,244742160.0,0.02
8210.0,89.05922,10.571349,244742600.0,0.02
8210.0,88.785965,10.545942,244742600.0,0.02
8220.0,88.785805,10.54099,244743040.0,0.02
8220.0,88.51345,10.515618,244743040.0,0.02
8230.0,88.51329,10.510666,244743490.0,0.02
8230.0,88.24184,10.48533,244743490.0,0.02
8240.0,88.24168,10.480378,244743920.0,0.02
8240.0,87.97112,10.45508,244743920.0,0.02
8250.0,87.97096,10.450129,244744370.0,0.02
8250.0,87.701294,10.424869,244744370.0,0.02
8260.0,87.70113,10.419917,244744800.0,0.02
8260.0,87.43235,10.394699,244744800.0,0.02
8270.0,87.43219,10.389747,244745250.0,0.02
8270.0,87.16429,10.364571,244745250.0,0.02
8280.0,87.16413,10.359618,244745700.0,0.02
8280.0,86.8971,10.334485,244745700.0,0.02
8290.0,86.89694,10.329534,244746130.0,0.02
8290.0,86.63079,10.304444,244746130.0,0.02
8300.0,86.63063,10.299492,244746580.0,0.02
8300.0,86.36535,10.274449,244746580.0,0.02
8310.0,86.36519,10.269497,244747020.0,0.02
8310.0,86.10077,10.2445,244747020.0,0.02
8320.0,86.10061,10.239549,244747460.0,0.02
8320.0,85.83704,10.2146,244747460.0,0.02
8330.0,85.83689,10.209648,244747900.0,0.02
8330.0,85.57418,10.184748,244747900.0,0.02
8340.0,85.57402,10.179796,244748350.0,0.02
8340.0,85.31217,10.154946,244748350.0,0.02
8350.0,85.31201,10.149994,244748780.0,0.02
8350.0,85.051,10.125195,244748780.0,0.02
8360.0,85.05085,10.120243,244749230.0,0.02
8360.0,84.79069,10.095495,244749230.0,0.02
8370.0,84.79053,10.090544,244749660.0,0.02
8370.0,84.531204,10.065849,244749660.0,0.02
8380.0,84.531044,10.060897,244750110.0,0.02
8380.0,84.27256,10.036256,244750110.0,0.02
8390.0,84.2724,10.031304,244750560.0,0.02
8390.0,84.01475,10.006718,244750560.0,0.02
8400.0,84.01459,10.001765,244750990.0,0.02
8400.0,83.75777,9.977234,244750990.0,0.02
8410.0,83.75762,9.972761,244751400.0,0.02
8410.0,83.50164,9.948273,244751400.0,0.02
8420.0,83.50151,9.944278,244751760.0,0.02
8420.0,83.246376,9.919822,244751760.0,0.02
8430.0,83.24625,9.915827,244752110.0,0.02
8430.0,82.99195,9.891405,244752110.0,0.02
8440.0,82.99183,9.88741,244752460.0,0.02
8440.0,82.73837,9.863024,244752460.0,0.02
8450.0,82.73824,9.859029,244752820.0,0.02
8450.0,82.48563,9.83468,244752820.0,0.02
8460.0,82.4855,9.830684,244753180.0,0.02
8460.0,82.2337,9.806373,244753180.0,0.02
8470.0,82.233574,9.802377,244753540.0,0.02
8470.0,81.98261,9.778105,244753540.0,0.02
8480.0,81.98248,9.77411,244753890.0,0.02
8480.0,81.73234,9.749878,244753890.0,0.02
8490.0,81.73221,9.745883,244754240.0,0.02
8490.0,81.48287,9.721693,244754240.0,0.02
8500.0,81.48275,9.717697,244754610.0,0.02
8500.0,81.23423,9.69355,244754610.0,0.02
8510.0,81.2341,9.689555,244754960.0,0.02
8510.0,80.98639,9.665452,244754960.0,0.02
8520.0,80.98626,9.661456,244755310.0,0.02
8520.0,80.73935,9.637398,244755310.0,0.02
8530.0,80.73922,9.633403,244755680.0,0.02
8530.0,80.49311,9.60939,244755680.0,0.02
8540.0,80.49298,9.605394,244756030.0,0.02
8540.0,80.24767,9.5814295,244756030.0,0.02
8550.0,80.24754,9.577434,244756380.0,0.02
8550.0,80.00302,9.553515,244756380.0,0.02
8560.0,80.00289,9.5495205,244756740.0,0.02
8560.0,79.75916,9.525651,244756740.0,0.02
8570.0,79.75903,9.521655,244757100.0,0.02
8570.0,79.51608,9.497836,244757100.0,0.02
8580.0,79.51595,9.49384,244757460.0,0.02
8580.0,79.27379,9.470071,244757460.0,0.02
8590.0,79.27366,9.466075,244757810.0,0.02
8590.0,79.03227,9.442357,244757810.0,0.02
8600.0,79.03214,9.438361,244758160.0,0.02
8600.0,78.79153,9.414695,244758160.0,0.02
8610.0,78.791405,9.410699,244758530.0,0.02
8610.0,78.55156,9.387085,244758530.0,0.02
8620.0,78.55143,9.38309,244758880.0,0.02
8620.0,78.312355,9.359529,244758880.0,0.02
8630.0,78.312225,9.355534,244759230.0,0.02
8630.0,78.07391,9.3320265,244759230.0,0.02
8640.0,78.073784,9.328031,244759600.0,0.02
8640.0,77.83623,9.304579,244759600.0,0.02
8650.0,77.836105,9.300583,244759950.0,0.02
8650.0,77.599304,9.277185,244759950.0,0.02
8660.0,77.59918,9.2731905,244760300.0,0.02
8660.0,77.36314,9.249848,244760300.0,0.02
8670.0,77.36301,9.245852,244760660.0,0.02
8670.0,77.12772,9.222568,244760660.0,0.02
8680.0,77.1276,9.218854,244761000.0,0.02
8680.0,76.89307,9.195618,244761000.0,0.02
8690.0,76.89295,9.191937,244761330.0,0.02
8690.0,76.659164,9.168752,244761330.0,0.02
8700.0,76.65905,9.165092,244761650.0,0.02
8700.0,76.42602,9.141955,244761650.0,0.02
8710.0,76.4259,9.138318,244761970.0,0.02
8710.0,76.19362,9.1152315,244761970.0,0.02
8720.0,76.193504,9.111615,244762290.0,0.02
8720.0,75.96197,9.088578,244762290.0,0.02
8730.0,75.96185,9.084984,244762610.0,0.02
8730.0,75.73105,9.061996,244762610.0,0.02
8740.0,75.730934,9.058423,244762930.0,0.02
8740.0,75.50088,9.035486,244762930.0,0.02
8750.0,75.50076,9.031935,244763250.0,0.02
8750.0,75.27144,9.009048,244763250.0,0.02
8760.0,75.271324,9.005518,244763570.0,0.02
8760.0,75.04274,8.982681,244763570.0,0.02
8770.0,75.042625,8.979173,244763870.0,0.02
8770.0,74.814766,8.9563875,244763870.0,0.02
8780.0,74.81465,8.9529,244764200.0,0.02
8780.0,74.58752,8.930165,244764200.0,0.02
8790.0,74.5874,8.926699,244764500.0,0.02
8790.0,74.361,8.904015,244764500.0,0.02
8800.0,74.360886,8.90057,244764800.0,0.02
8800.0,74.1352,8.877936,244764800.0,0.02
8810.0,74.135086,8.874514,244765100.0,0.02
8810.0,73.91012,8.851931,244765100.0,0.02
8820.0,73.91001,8.848529,244765400.0,0.02
8820.0,73.68576,8.825997,244765400.0,0.02
8830.0,73.68565,8.822617,244765710.0,0.02
8830.0,73.46211,8.800137,244765710.0,0.02
8840.0,73.462006,8.796777,244766020.0,0.02
8840.0,73.23918,8.774348,244766020.0,0.02
8850.0,73.239075,8.77101,244766300.0,0.02
8850.0,73.01696,8.7486315,244766300.0,0.02
8860.0,73.01685,8.745316,244766610.0,0.02
8860.0,72.79544,8.722988,244766610.0,0.02
8870.0,72.795334,8.719693,244766900.0,0.02
8870.0,72.57463,8.697417,244766900.0,0.02
8880.0,72.574524,8.694143,244767180.0,0.02
8880.0,72.354515,8.671919,244767180.0,0.02
8890.0,72.354416,8.668666,244767470.0,0.02
8890.0,72.13511,8.646492,244767470.0,0.02
8900.0,72.135,8.643262,244767760.0,0.02
8900.0,71.91639,8.621139,244767760.0,0.02
8910.0,71.91629,8.617929,244768050.0,0.02
8910.0,71.69837,8.595858,244768050.0,0.02
8920.0,71.69827,8.5926695,244768340.0,0.02
8920.0,71.48104,8.570649,244768340.0,0.02
8930.0,71.48094,8.567483,244768620.0,0.02
8930.0,71.264404,8.545513,244768620.0,0.02
8940.0,71.264305,8.542368,244768900.0,0.02
8940.0,71.048454,8.52045,244768900.0,0.02
8950.0,71.048355,8.517326,244769180.0,0.02
8950.0,70.83318,8.495459,244769180.0,0.02
8960.0,70.833084,8.492356,244769460.0,0.02
8960.0,70.6186,8.47054,244769460.0,0.02
8970.0,70.6185,8.467459,244769730.0,0.02
8970.0,70.40469,8.445693,244769730.0,0.02
8980.0,70.404594,8.442634,244770000.0,0.02
8980.0,70.19147,8.420919,244770000.0,0.02
8990.0,70.19137,8.417881,244770270.0,0.02
8990.0,69.97891,8.396217,244770270.0,0.02
9000.0,69.97882,8.393201,244770540.0,0.02
9000.0,69.76704,8.371588,244770540.0,0.02
9010.0,69.76694,8.368592,244770800.0,0.02
9010.0,69.555824,8.347031,244770800.0,0.02
9020.0,69.55573,8.344056,244771070.0,0.02
9020.0,69.34528,8.322545,244771070.0,0.02
9030.0,69.34519,8.319592,244771330.0,0.02
9030.0,69.13541,8.298132,244771330.0,0.02
9040.0,69.135315,8.2952,244771600.0,0.02
9040.0,68.9262,8.27379,244771600.0,0.02
9050.0,68.9261,8.270881,244771860.0,0.02
9050.0,68.71764,8.24952,244771860.0,0.02
9060.0,68.71755,8.246633,244772110.0,0.02
9060.0,68.50975,8.225323,244772110.0,0.02
9070.0,68.50966,8.222456,244772370.0,0.02
9070.0,68.30252,8.201197,244772370.0,0.02
9080.0,68.30243,8.198351,244772620.0,0.02
9080.0,68.09594,8.177142,244772620.0,0.02
9090.0,68.09585,8.174318,244772880.0,0.02
9090.0,67.89001,8.153159,244772880.0,0.02
9100.0,67.889915,8.150356,244773120.0,0.02
9100.0,67.68473,8.129248,244773120.0,0.02
9110.0,67.68464,8.126466,244773380.0,0.02
9110.0,67.480095,8.105407,244773380.0,0.02
9120.0,67.48001,8.102647,244773620.0,0.02
9120.0,67.27611,8.081638,244773620.0,0.02
9130.0,67.276024,8.078899,244773860.0,0.02
9130.0,67.07277,8.0579405,244773860.0,0.02
9140.0,67.072685,8.055223,244774100.0,0.02
9140.0,66.87006,8.034313,244774100.0,0.02
9150.0,66.86998,8.031618,244774340.0,0.02
9150.0,66.66801,8.010757,244774340.0,0.02
9160.0,66.667915,8.008083,244774580.0,0.02
9160.0,66.466576,7.9872723,244774580.0,0.02
9170.0,66.46649,7.9846196,244774820.0,0.02
9170.0,66.265785,7.963858,244774820.0,0.02
9180.0,66.2657,7.9612265,244775060.0,0.02
9180.0,66.06563,7.940514,244775060.0,0.02
9190.0,66.065544,7.937904,244775280.0,0.02
9190.0,65.866104,7.9172406,244775280.0,0.02
9200.0,65.86602,7.9146523,244775520.0,0.02
9200.0,65.6672,7.8940377,244775520.0,0.02
9210.0,65.667114,7.8914523,244775740.0,0.02
9210.0,65.468925,7.8708873,244775740.0,0.02
9220.0,65.46884,7.8683195,244775970.0,0.02
9220.0,65.27127,7.8478036,244775970.0,0.02
9230.0,65.271194,7.845257,244776200.0,0.02
9230.0,65.07424,7.82479,244776200.0,0.02
9240.0,65.074165,7.8222637,244776430.0,0.02
9240.0,64.87783,7.801846,244776430.0,0.02
9250.0,64.877754,7.7993402,244776640.0,0.02
9250.0,64.68204,7.7789717,244776640.0,0.02
9260.0,64.68196,7.7764864,244776860.0,0.02
9260.0,64.48686,7.7561665,244776860.0,0.02
9270.0,64.48678,7.753702,244777090.0,0.02
9270.0,64.2923,7.733431,244777090.0,0.02
9280.0,64.29221,7.7309866,244777310.0,0.02
9280.0,64.09834,7.710764,244777310.0,0.02
9290.0,64.09826,7.7083406,244777520.0,0.02
9290.0,63.904995,7.688166,244777520.0,0.02
9300.0,63.90492,7.6857634,244777740.0,0.02
9300.0,63.712257,7.665637,244777740.0,0.02
9310.0,63.71218,7.663255,244777950.0,0.02
9310.0,63.520123,7.643177,244777950.0,0.02
9320.0,63.520046,7.6408157,244778160.0,0.02
9320.0,63.328594,7.620785,244778160.0,0.02
9330.0,63.328518,7.6184444,244778370.0,0.02
9330.0,63.137665,7.598462,244778370.0,0.02
9340.0,63.137592,7.596142,244778580.0,0.02
9340.0,62.947334,7.576207,244778580.0,0.02
9350.0,62.94726,7.5739074,244778780.0,0.02
9350.0,62.757603,7.55402,244778780.0,0.02
9360.0,62.75753,7.551741,244778980.0,0.02
9360.0,62.568466,7.5319014,244778980.0,0.02
9370.0,62.568394,7.529643,244779180.0,0.02
9370.0,62.37992,7.5098505,244779180.0,0.02
9380.0,62.37985,7.5076127,244779380.0,0.02
9380.0,62.191967,7.4878674,244779380.0,0.02
9390.0,62.1919,7.48565,244779580.0,0.02
9390.0,62.004604,7.4659514,244779580.0,0.02
9400.0,62.004536,7.463755,244779780.0,0.02
9400.0,61.81783,7.4441032,244779780.0,0.02
9410.0,61.817757,7.441928,244779970.0,0.02
9410.0,61.631638,7.4223223,244779970.0,0.02
9420.0,61.63157,7.4201674,244780160.0,0.02
9420.0,61.44603,7.4006085,244780160.0,0.02
9430.0,61.44596,7.398474,244780350.0,0.02
9430.0,61.261005,7.378962,244780350.0,0.02
9440.0,61.260937,7.376848,244780540.0,0.02
9440.0,61.07656,7.357382,244780540.0,0.02
9450.0,61.076492,7.355289,244780720.0,0.02
9450.0,60.892693,7.335869,244780720.0,0.02
9460.0,60.892624,7.333796,244780910.0,0.02
9460.0,60.7094,7.314422,244780910.0,0.02
9470.0,60.709335,7.3123703,244781090.0,0.02
9470.0,60.526684,7.2930417,244781090.0,0.02
9480.0,60.52662,7.2910104,244781280.0,0.02
9480.0,60.34454,7.2717276,244781280.0,0.02
9490.0,60.344475,7.2697167,244781460.0,0.02
9490.0,60.162964,7.2504797,244781460.0,0.02
9500.0,60.1629,7.2484894,244781630.0,0.02
9500.0,59.981956,7.2292976,244781630.0,0.02
9510.0,59.981895,7.2273283,244781810.0,0.02
9510.0,59.801517,7.2081814,244781810.0,0.02
9520.0,59.801456,7.2062325,244781980.0,0.02
9520.0,59.621643,7.1871305,244781980.0,0.02
9530.0,59.621582,7.185202,244782160.0,0.02
9530.0,59.442333,7.1661453,244782160.0,0.02
9540.0,59.442272,7.1642375,244782320.0,0.02
9540.0,59.263584,7.145225,244782320.0,0.02
9550.0,59.263523,7.143338,244782500.0,0.02
9550.0,59.085392,7.1243706,244782500.0,0.02
9560.0,59.085335,7.122504,244782660.0,0.02
9560.0,58.90776,7.1035805,244782660.0,0.02
9570.0,58.907703,7.101735,244782820.0,0.02
9570.0,58.730686,7.0828557,244782820.0,0.02
9580.0,58.730625,7.081031,244782980.0,0.02
9580.0,58.55416,7.0621953,244782980.0,0.02
9590.0,58.554104,7.060391,244783150.0,0.02
9590.0,58.378193,7.0415998,244783150.0,0.02
9600.0,58.378136,7.039816,244783300.0,0.02
9600.0,58.202774,7.021068,244783300.0,0.02
9610.0,58.202717,7.019305,244783460.0,0.02
9610.0,58.027905,7.0006013,244783460.0,0.02
9620.0,58.027847,6.9988585,244783620.0,0.02
9620.0,57.85358,6.980198,244783620.0,0.02
9630.0,57.853523,6.978476,244783780.0,0.02
9630.0,57.679802,6.959859,244783780.0,0.02
9640.0,57.67975,6.9581575,244783920.0,0.02
9640.0,57.50657,6.9395833,244783920.0,0.02
9650.0,57.50651,6.9379025,244784060.0,0.02
9650.0,57.333874,6.919371,244784060.0,0.02
9660.0,57.33382,6.9177113,244784220.0,0.02
9660.0,57.161724,6.899223,244784220.0,0.02
9670.0,57.16167,6.8975835,244784370.0,0.02
9670.0,56.99011,6.8791375,244784370.0,0.02
9680.0,56.990055,6.8775187,244784510.0,0.02
9680.0,56.81903,6.859115,244784510.0,0.02
9690.0,56.81898,6.8575172,244784660.0,0.02
9690.0,56.64849,6.839156,244784660.0,0.02
9700.0,56.64844,6.8375783,244784780.0,0.02
9700.0,56.47848,6.8192596,244784780.0,0.02
9710.0,56.47843,6.817703,244784930.0,0.02
9710.0,56.309006,6.7994256,244784930.0,0.02
9720.0,56.308956,6.797889,244785070.0,0.02
9720.0,56.140057,6.779654,244785070.0,0.02
9730.0,56.14001,6.7781386,244785200.0,0.02
9730.0,55.97164,6.759945,244785200.0,0.02
9740.0,55.97159,6.758373,244785340.0,0.02
9740.0,55.80374,6.740223,244785340.0,0.02
9750.0,55.80369,6.7386475,244785490.0,0.02
9750.0,55.636368,6.7205415,244785490.0,0.02
9760.0,55.63632,6.718983,244785620.0,0.02
9760.0,55.469513,6.7009206,244785620.0,0.02
9770.0,55.469463,6.6993794,244785760.0,0.02
9770.0,55.303177,6.6813607,244785760.0,0.02
9780.0,55.303127,6.6798368,244785890.0,0.02
9780.0,55.13736,6.661861,244785890.0,0.02
9790.0,55.13731,6.660354,244786030.0,0.02
9790.0,54.972057,6.6424217,244786030.0,0.02
9800.0,54.972008,6.6409316,244786160.0,0.02
9800.0,54.807266,6.6230426,244786160.0,0.02
9810.0,54.80722,6.6215696,244786290.0,0.02
9810.0,54.64299,6.603723,244786290.0,0.02
9820.0,54.642944,6.6022673,244786420.0,0.02
9820.0,54.479225,6.5844636,244786420.0,0.02
9830.0,54.47918,6.583025,244786540.0,0.02
9830.0,54.315968,6.565264,244786540.0,0.02
9840.0,54.31592,6.563842,244786670.0,0.02
9840.0,54.15322,6.546124,244786670.0,0.02
9850.0,54.153175,6.5447187,244786800.0,0.02
9850.0,53.99098,6.527043,244786800.0,0.02
9860.0,53.990932,6.5256553,244786930.0,0.02
9860.0,53.82924,6.5080214,244786930.0,0.02
9870.0,53.829197,6.5066504,244787060.0,0.02
9870.0,53.668007,6.489059,244787060.0,0.02
9880.0,53.66796,6.487705,244787170.0,0.02
9880.0,53.50727,6.4701552,244787170.0,0.02
9890.0,53.50723,6.4688187,244787300.0,0.02
9890.0,53.34704,6.4513106,244787300.0,0.02
9900.0,53.346996,6.4499907,244787410.0,0.02
9900.0,53.1873,6.4325247,244787410.0,0.02
9910.0,53.18726,6.4312215,244787520.0,0.02
9910.0,53.02806,6.413797,244787520.0,0.02
9920.0,53.02802,6.412511,244787630.0,0.02
9920.0,52.869316,6.395128,244787630.0,0.02
9930.0,52.869278,6.3938584,244787740.0,0.02
9930.0,52.711067,6.3765163,244787740.0,0.02
9940.0,52.711025,6.3752646,244787860.0,0.02
9940.0,52.553307,6.3579636,244787860.0,0.02
9950.0,52.55327,6.3567286,244787970.0,0.02
9950.0,52.396038,6.339468,244787970.0,0.02
9960.0,52.396,6.33825,244788080.0,0.02
9960.0,52.239258,6.3210306,244788080.0,0.02
9970.0,52.23922,6.31983,244788200.0,0.02
9970.0,52.082966,6.302651,244788200.0,0.02
9980.0,52.082928,6.301467,244788290.0,0.02
9980.0,51.92716,6.2843285,244788290.0,0.02
9990.0,51.92712,6.2831616,244788400.0,0.02
9990.0,51.771835,6.266063,244788400.0,0.02
10000.0,51.771797,6.2649136,244788500.0,0.02
10000.0,51.616993,6.247855,244788500.0,0.02
